#
# A fatal error has been detected by the Java Runtime Environment:
#
#  SIGSEGV (0xb) at pc=0x000000010a9d0a97, pid=24468, tid=34311
#
# JRE version: OpenJDK Runtime Environment Homebrew (26.0.2) (build 26.0.2)
# Java VM: OpenJDK 64-Bit Server VM Homebrew (26.0.2, mixed mode, emulated-client, sharing, tiered, compressed oops, compressed class ptrs, g1 gc, bsd-amd64)
# Problematic frame:
# V  [libjvm.dylib+0x3bea97]  G1ConcurrentMark::mark_in_bitmap(unsigned int, oopDesc*)+0x3f
#
# No core dump will be written. Core dumps have been disabled. To enable core dumping, try "ulimit -c unlimited" before starting Java again
#
# If you would like to submit a bug report, please visit:
#   https://github.com/Homebrew/homebrew-core/issues
#

---------------  S U M M A R Y ------------

Command Line: -XX:TieredStopAtLevel=1 pt.rucodel.productionplanning.ProductionPlanningApplication

Host: "MacBookPro15,4" x86_64 1400 MHz, 8 cores, 16G, Darwin 23.6.0, macOS 14.8.7 (23J520)
Time: Mon Oct  5 11:32:14 2026 CEST elapsed time: 273.444663 seconds (0d 0h 4m 33s)

---------------  T H R E A D  ---------------

Current thread (0x00007f7f40c51ba0):  WorkerThread "G1 Conc#1"      [id=34311, stack(0x0000700005655000,0x0000700005755000) (1024K)]

Stack: [0x0000700005655000,0x0000700005755000],  sp=0x0000700005754cb0,  free space=1023k
Native frames: (J=compiled Java code, j=interpreted, Vv=VM code, C=native code)
V  [libjvm.dylib+0x3bea97]  G1ConcurrentMark::mark_in_bitmap(unsigned int, oopDesc*)+0x3f
V  [libjvm.dylib+0x3dd930]  G1CMTask::make_reference_grey(oopDesc*)+0x20
V  [libjvm.dylib+0x3bf421]  void OopOopIterateDispatch<G1CMOopClosure>::Table::oop_oop_iterate<ObjArrayKlass, narrowOop>(G1CMOopClosure*, oopDesc*, Klass*)+0x9d
V  [libjvm.dylib+0x3d45c5]  void G1CMTask::process_grey_task_entry<true>(G1TaskQueueEntry)+0x111
V  [libjvm.dylib+0x3cef63]  G1CMBitMapClosure::do_addr(HeapWordImpl**)+0x1d
V  [libjvm.dylib+0x3d3549]  G1CMBitMap::iterate(G1CMBitMapClosure*, MemRegion)+0xe7
V  [libjvm.dylib+0x3d3331]  G1CMTask::process_current_region(G1CMBitMapClosure&)+0x95
V  [libjvm.dylib+0x3d3b57]  G1CMTask::do_marking_step(double, bool, bool)+0x15d
V  [libjvm.dylib+0x3d4b0b]  G1CMConcurrentMarkingTask::work(unsigned int)+0xa5
V  [libjvm.dylib+0x9e756c]  WorkerTaskDispatcher::worker_run_task()+0x4c
V  [libjvm.dylib+0x9e792b]  WorkerThread::run()+0x1f
V  [libjvm.dylib+0x954f0f]  Thread::call_run()+0x71
V  [libjvm.dylib+0x75c013]  thread_native_entry(Thread*)+0xc3
C  [libsystem_pthread.dylib+0x611f]  _pthread_start+0x63
C  [libsystem_pthread.dylib+0x1ac3]  thread_start+0xf

siginfo: si_signo: 11 (SIGSEGV), si_code: 1 (SEGV_MAPERR), si_addr: 0x00007f8742839400

Registers:
RAX=0x00000000ffffc800, RBX=0x0000000000000040, RCX=0x00007f7f42855400, RDX=0x0000000700000000
RSP=0x0000700005754cb0, RBP=0x0000700005754cd0, RSI=0x0000000000000000, RDI=0x00007f7f42816200
R8 =0x0000000000000000, R9 =0x00007f7f4284d408, R10=0x0000000000000000, R11=0x00000000000000c4
R12=0x000000010b297ec0, R13=0x0000000000000007, R14=0x0000000000000040, R15=0x00007f7f408046e0
RIP=0x000000010a9d0a97, EFLAGS=0x0000000000010a06, ERR=0x0000000000000004
  TRAPNO=0x000000000000000e


Register to memory mapping:

RAX=0x00000000ffffc800 is an unknown value
RBX=0x0000000000000040 is an unknown value
RCX=0x00007f7f42855400 points into unknown readable memory: 0x0000000700200000 | 00 00 20 00 07 00 00 00
RDX=0x0000000700000000 is an oop: [B 
{0x0000000700000000} - klass: {type array byte} - flags: is_cloneable_fast 

 - length: 137694
 -   0: 50 P
 -   1: 4b K
 -   2: 1  
 -   3: 2  
 -   4: 14  
 -   5: 3  
 -   6: 14  
 -   7: 0  
 -   8: 0  
 -   9: 8  
 -  10: 8  
 -  11: 0  
 -  12: ffffffc9  
 -  13: 3e >
 -  14: 51 Q
 -  15: 59 Y
 -  16: 0  
 -  17: 0  
 -  18: 0  
 -  19: 0  
 -  20: 2  
 -  21: 0  
 -  22: 0  
 -  23: 0  
 -  24: 0  
 -  25: 0  
 -  26: 0  
 -  27: 0  
 -  28: 9  
 -  29: 0  
 -  30: 0  
 -  31: 0  
 -  32: 0  
 -  33: 0  
 -  34: 0  
 -  35: 0  
 -  36: 0  
 -  37: 0  
 -  38: 10  
 -  39: 0  
 -  40: ffffffed  
 -  41: 41 A
 -  42: 0  
 -  43: 0  
 -  44: 0  
 -  45: 0  
 -  46: 4d M
 -  47: 45 E
 -  48: 54 T
 -  49: 41 A
 -  50: 2d -
 -  51: 49 I
 -  52: 4e N
 -  53: 46 F
 -  54: 2f /
 -  55: 50 P
 -  56: 4b K
 -  57: 1  
 -  58: 2  
 -  59: 14  
 -  60: 3  
 -  61: 14  
 -  62: 0  
 -  63: 0  
 -  64: 8  
 -  65: 8  
 -  66: 0  
 -  67: ffffffc9  
 -  68: 3e >
 -  69: 51 Q
 -  70: 59 Y
 -  71: 61 a
 -  72: 40 @
 -  73: ffffffec  
 -  74: 3b ;
 -  75: ffffff82  
 -  76: 0  
 -  77: 0  
 -  78: 0  
 -  79: ffffffa8  
 -  80: 0  
 -  81: 0  
 -  82: 0  
 -  83: 14  
 -  84: 0  
 -  85: 0  
 -  86: 0  
 -  87: 0  
 -  88: 0  
 -  89: 0  
 -  90: 0  
 -  91: 0  
 -  92: 0  
 -  93: 0  
 -  94: 0  
 -  95: ffffffa4  
 -  96: ffffff81  
 -  97: 29 )
 -  98: 0  
 -  99: 0  
 - 100: 0  
 - 101: 4d M
 - 102: 45 E
 - 103: 54 T
 - 104: 41 A
 - 105: 2d -
 - 106: 49 I
 - 107: 4e N
 - 108: 46 F
 - 109: 2f /
 - 110: 4d M
 - 111: 41 A
 - 112: 4e N
 - 113: 49 I
 - 114: 46 F
 - 115: 45 E
 - 116: 53 S
 - 117: 54 T
 - 118: 2e .
 - 119: 4d M
 - 120: 46 F
 - 121: 50 P
 - 122: 4b K
 - 123: 1  
 - 124: 2  
 - 125: 14  
 - 126: 3  
 - 127: 14  
 - 128: 0  
 - 129: 0  
 - 130: 8  
 - 131: 8  
 - 132: 0  
 - 133: ffffffc8  
 - 134: 3e >
 - 135: 51 Q
 - 136: 59 Y
 - 137: 0  
 - 138: 0  
 - 139: 0  
 - 140: 0  
 - 141: 2  
 - 142: 0  
 - 143: 0  
 - 144: 0  
 - 145: 0  
 - 146: 0  
 - 147: 0  
 - 148: 0  
 - 149: 4  
 - 150: 0  
 - 151: 0  
 - 152: 0  
 - 153: 0  
 - 154: 0  
 - 155: 0  
 - 156: 0  
 - 157: 0  
 - 158: 0  
 - 159: 10  
 - 160: 0  
 - 161: ffffffed  
 - 162: 41 A
 - 163: ffffffdd  
 - 164: 0  
 - 165: 0  
 - 166: 0  
 - 167: 6f o
 - 168: 72 r
 - 169: 67 g
 - 170: 2f /
 - 171: 50 P
 - 172: 4b K
 - 173: 1  
 - 174: 2  
 - 175: 14  
 - 176: 3  
 - 177: 14  
 - 178: 0  
 - 179: 0  
 - 180: 8  
 - 181: 8  
 - 182: 0  
 - 183: ffffffc8  
 - 184: 3e >
 - 185: 51 Q
 - 186: 59 Y
 - 187: 0  
 - 188: 0  
 - 189: 0  
 - 190: 0  
 - 191: 2  
 - 192: 0  
 - 193: 0  
 - 194: 0  
 - 195: 0  
 - 196: 0  
 - 197: 0  
 - 198: 0  
 - 199: 14  
 - 200: 0  
 - 201: 0  
 - 202: 0  
 - 203: 0  
 - 204: 0  
 - 205: 0  
 - 206: 0  
 - 207: 0  
 - 208: 0  
 - 209: 10  
 - 210: 0  
 - 211: ffffffed  
 - 212: 41 A
 - 213: 1  
 - 214: 1  
 - 215: 0  
 - 216: 0  
 - 217: 6f o
 - 218: 72 r
 - 219: 67 g
 - 220: 2f /
 - 221: 73 s
 - 222: 70 p
 - 223: 72 r
 - 224: 69 i
 - 225: 6e n
 - 226: 67 g
 - 227: 66 f
 - 228: 72 r
 - 229: 61 a
 - 230: 6d m
 - 231: 65 e
 - 232: 77 w
 - 233: 6f o
 - 234: 72 r
 - 235: 6b k
 - 236: 2f /
 - 237: 50 P
 - 238: 4b K
 - 239: 1  
 - 240: 2  
 - 241: 14  
 - 242: 3  
 - 243: 14  
 - 244: 0  
 - 245: 0  
 - 246: 8  
 - 247: 8  
 - 248: 0  
 - 249: ffffffc8  
 - 250: 3e >
 - 251: 51 Q
 - 252: 59 Y
 - 253: 0  
 - 254: 0  
 - 255: 0  
 - <137438 more elements, increase MaxElementPrintSize to print>
RSP=0x0000700005754cb0 points into unknown readable memory: 0x0000700005754e28 | 28 4e 75 05 00 70 00 00
RBP=0x0000700005754cd0 points into unknown readable memory: 0x0000700005754d00 | 00 4d 75 05 00 70 00 00
RSI=0x0 is null
RDI=0x00007f7f42816200 points into unknown readable memory: 0x00007f7f42816a00 | 00 6a 81 42 7f 7f 00 00
R8 =0x0 is null
R9 =0x00007f7f4284d408 points into unknown readable memory: 0x0000000000004a43 | 43 4a 00 00 00 00 00 00
R10=0x0 is null
R11=0x00000000000000c4 is an unknown value
R12=0x000000010b297ec0: _ZN12G1HeapRegion17LogOfHRGrainBytesE+0 in /usr/local/Cellar/openjdk/26.0.2/libexec/openjdk.jdk/Contents/Home/lib/server/libjvm.dylib at 0x000000010a612000
R13=0x0000000000000007 is an unknown value
R14=0x0000000000000040 is an unknown value
R15=0x00007f7f408046e0 points into unknown readable memory: 0x000000010b232238 | 38 22 23 0b 01 00 00 00

Top of Stack: (sp=0x0000700005754cb0)
0x0000700005754cb0:   0000700005754e28 000000011e175288   (Nu..p...R......
0x0000700005754cc0:   0000000000000040 00007f7f408046e0   @........F.@....
0x0000700005754cd0:   0000700005754d00 000000010a9ef930   .Mu..p..0.......
0x0000700005754ce0:   00007f7f43008600 0000700005754e28   ...C....(Nu..p..
0x0000700005754cf0:   0000000701c83238 0000000701c8322c   82......,2......
0x0000700005754d00:   0000700005754d30 000000010a9d1421   0Mu..p..!.......
0x0000700005754d10:   0000000000000006 00007f7f408046e0   .........F.@....
0x0000700005754d20:   0000000701c83200 0000700005754e28   .2......(Nu..p..
0x0000700005754d30:   0000700005754d70 000000010a9e65c5   pMu..p...e......
0x0000700005754d40:   00007f7f408046e0 0000700005754e50   .F.@....PNu..p..
0x0000700005754d50:   0000700005754e00 0000000000390640   .Nu..p..@.9.....
0x0000700005754d60:   00000000003c0000 0000000701c83200   ..<......2......
0x0000700005754d70:   0000700005754d90 000000010a9e0f63   .Mu..p..c.......
0x0000700005754d80:   0000000000000000 00007f7f42816210   .........b.B....
0x0000700005754d90:   0000700005754de0 000000010a9e5549   .Mu..p..IU......
0x0000700005754da0:   000000000002e4c6 0000700005754e50   ........PNu..p..
0x0000700005754db0:   000000000000f000 00007f7f408046e0   .........F.@....
0x0000700005754dc0:   0000700005754e50 00007f7f40804810   PNu..p...H.@....
0x0000700005754dd0:   00007f7f408046e0 00007f7f40804768   .F.@....hG.@....
0x0000700005754de0:   0000700005754e10 000000010a9e5331   .Nu..p..1S......
0x0000700005754df0:   0000000040804601 0000000000000001   .F.@............
0x0000700005754e00:   00007f7f408046e0 0000000000000001   .F.@............
0x0000700005754e10:   0000700005754eb0 000000010a9e5b57   .Nu..p..W[......
0x0000700005754e20:   0000700005754e88 000000010b2321e8   .Nu..p...!#.....
0x0000700005754e30:   00006000036d8cc0 0000000100000003   ..m..`..........
0x0000700005754e40:   00007f7f4280d800 00007f7f408046e0   ...B.....F.@....
0x0000700005754e50:   00007f7f42816200 00007f7f408046e0   .b.B.....F.@....
0x0000700005754e60:   4024000000000000 3fa1cc7c57e93d4f   ......$@O=.W|..?
0x0000700005754e70:   3fe0000000000000 4023d1eb00000001   .......?......#@
0x0000700005754e80:   0000000005754eb0 0000600001c778a0   .Nu......x...`..
0x0000700005754e90:   000000010b265440 000000010b2b6e10   @T&......n+.....
0x0000700005754ea0:   0000700004212d00 00007f7f408046e0   .-!..p...F.@....

Instructions: (pc=0x000000010a9d0a97)
  0x000000010a9d0997:   4d 4c 31 f6 48 8d 05 1e 75 8c 00 8b 00 89 c1 48
  0x000000010a9d09a7:   d3 ee 48 85 f6 74 28 48 8b 4b 18 48 8b 91 48 02
  0x000000010a9d09b7:   00 00 8a 89 50 02 00 00 48 d3 e2 48 8d 7b 38 4c
  0x000000010a9d09c7:   89 f6 48 29 d6 89 c1 48 d3 ee e8 16 00 00 00 48
  0x000000010a9d09d7:   89 df 4c 89 f6 5b 41 5e 5d e9 2b ef 01 00 5b 41
  0x000000010a9d09e7:   5e 5d c3 00 00 55 48 89 e5 8b 4f 28 21 f1 48 8b
  0x000000010a9d09f7:   47 08 48 8d 0c 49 8b 14 c8 39 f2 75 06 48 83 c7
  0x000000010a9d0a07:   18 eb 44 4c 8b 44 c8 08 4d 85 c0 74 0c 48 c1 e2
  0x000000010a9d0a17:   04 48 03 17 f0 4c 0f c1 02 48 8d 14 c8 4c 8b 42
  0x000000010a9d0a27:   10 4d 85 c0 74 14 4c 8b 0f 44 8b 12 49 c1 e2 04
  0x000000010a9d0a37:   4f 8d 4c 11 08 f0 4d 0f c1 01 0f 57 c0 0f 11 42
  0x000000010a9d0a47:   08 89 32 48 83 c7 20 48 ff 07 48 ff 44 c8 10 5d
  0x000000010a9d0a57:   c3 55 48 89 e5 41 57 41 56 41 54 53 48 89 d3 48
  0x000000010a9d0a67:   8b 47 08 48 8b 90 48 02 00 00 8a 88 50 02 00 00
  0x000000010a9d0a77:   48 d3 e2 48 89 d8 48 29 d0 4c 8d 25 39 74 8c 00
  0x000000010a9d0a87:   41 8a 0c 24 48 d3 e8 48 8b 8f 48 06 00 00 89 c0
=>0x000000010a9d0a97:   48 8b 04 c1 48 39 d8 76 77 41 89 f6 49 89 ff 48
  0x000000010a9d0aa7:   83 c7 10 49 8b 47 10 48 89 de ff 10 48 89 d8 49
  0x000000010a9d0ab7:   2b 47 18 48 c1 e8 03 41 8a 4f 28 48 d3 e8 49 8b
  0x000000010a9d0ac7:   77 30 48 89 c7 ba 01 00 00 00 89 c1 48 d3 e2 48
  0x000000010a9d0ad7:   c1 ef 06 48 8d 34 fe 48 8b 0e 48 89 cf 48 09 d7
  0x000000010a9d0ae7:   48 39 cf 74 2b 48 89 c8 f0 48 0f b1 3e 48 39 c8
  0x000000010a9d0af7:   48 89 c1 75 e5 48 8d 05 ad 34 8a 00 8b 00 83 f8
  0x000000010a9d0b07:   01 74 14 85 c0 75 2b 48 8b 3b 48 c1 ef 2a eb 0a
  0x000000010a9d0b17:   31 c0 e9 b5 00 00 00 8b 7b 08 48 8d 05 28 1e 89
  0x000000010a9d0b27:   00 8a 08 48 d3 e7 48 8d 05 14 1e 89 00 48 03 38
  0x000000010a9d0b37:   eb 04 48 8b 7b 08 8b 57 08 85 d2 7e 0a f6 c2 01
  0x000000010a9d0b47:   75 09 c1 ea 03 eb 4c 85 d2 78 11 48 8b 07 48 89
  0x000000010a9d0b57:   de ff 90 08 01 00 00 48 89 c2 eb 37 48 8d 05 d2
  0x000000010a9d0b67:   fc 8d 00 48 63 00 48 63 04 03 89 d1 48 d3 e0 c1
  0x000000010a9d0b77:   ea 10 0f b6 ca 48 01 c1 48 8d 05 52 3f 89 00 48
  0x000000010a9d0b87:   63 00 48 8d 4c 08 ff f7 d8 48 63 d0 48 21 ca 48


Stack slot to memory mapping:

stack at sp + 0 slots: 0x0000700005754e28 points into unknown readable memory: 0x000000010b2321e8 | e8 21 23 0b 01 00 00 00
stack at sp + 1 slots: 0x000000011e175288 is a pointer to class: 
stack at sp + 2 slots: 0x0000000000000040 is an unknown value
stack at sp + 3 slots: 0x00007f7f408046e0 points into unknown readable memory: 0x000000010b232238 | 38 22 23 0b 01 00 00 00
stack at sp + 4 slots: 0x0000700005754d00 points into unknown readable memory: 0x0000700005754d30 | 30 4d 75 05 00 70 00 00
stack at sp + 5 slots: 0x000000010a9ef930: _ZN8G1CMTask19make_reference_greyEP7oopDesc+0x20 in /usr/local/Cellar/openjdk/26.0.2/libexec/openjdk.jdk/Contents/Home/lib/server/libjvm.dylib at 0x000000010a612000
stack at sp + 6 slots: 0x00007f7f43008600 points into unknown readable memory: 0x00000000ffffc800 | 00 c8 ff ff 00 00 00 00
stack at sp + 7 slots: 0x0000700005754e28 points into unknown readable memory: 0x000000010b2321e8 | e8 21 23 0b 01 00 00 00


---------------  P R O C E S S  ---------------

Threads class SMR info:
_java_thread_list=0x0000600001417600, length=35, elements={
0x00007f7f42865c00, 0x00007f7f42866400, 0x00007f7f42868800, 0x00007f7f42869000,
0x00007f7f4100d400, 0x00007f7f40017e00, 0x00007f7f41010200, 0x00007f7f43040800,
0x00007f7f412a2000, 0x00007f7f42bf4e00, 0x00007f7f43270800, 0x00007f7f4323ae00,
0x00007f7f41a52000, 0x00007f7f4332cc00, 0x00007f7f411b6600, 0x00007f7f4333a200,
0x00007f7f411bc800, 0x00007f7f4333aa00, 0x00007f7f4323b600, 0x00007f7f4482ea00,
0x00007f7f43339a00, 0x00007f7f429a7c00, 0x00007f7f41945000, 0x00007f7f419e4e00,
0x00007f7f419e5600, 0x00007f7f411bfc00, 0x00007f7f411c0400, 0x00007f7f411db800,
0x00007f7f43135000, 0x00007f7f43137800, 0x00007f7f419e5e00, 0x00007f7f42c4aa00,
0x00007f7f4315b200, 0x00007f7f41356800, 0x00007f7f41360000
}

Java Threads: ( => current thread )
  0x00007f7f42865c00 JavaThread "Reference Handler"          daemon [_thread_blocked, id=29187, stack(0x000070000492e000,0x0000700004a2e000) (1024K)]
  0x00007f7f42866400 JavaThread "Finalizer"                  daemon [_thread_blocked, id=25347, stack(0x0000700004a31000,0x0000700004b31000) (1024K)]
  0x00007f7f42868800 JavaThread "Signal Dispatcher"          daemon [_thread_blocked, id=25859, stack(0x0000700004b34000,0x0000700004c34000) (1024K)]
  0x00007f7f42869000 JavaThread "Service Thread"             daemon [_thread_blocked, id=28675, stack(0x0000700004c37000,0x0000700004d37000) (1024K)]
  0x00007f7f4100d400 JavaThread "Monitor Deflation Thread"   daemon [_thread_blocked, id=28163, stack(0x0000700004d3a000,0x0000700004e3a000) (1024K)]
  0x00007f7f40017e00 JavaThread "C1 CompilerThread0"         daemon [_thread_blocked, id=27907, stack(0x0000700004e3d000,0x0000700004f3d000) (1024K)]
  0x00007f7f41010200 JavaThread "Notification Thread"        daemon [_thread_blocked, id=27651, stack(0x0000700004f40000,0x0000700005040000) (1024K)]
  0x00007f7f43040800 JavaThread "Common-Cleaner"             daemon [_thread_blocked, id=27139, stack(0x0000700005043000,0x0000700005143000) (1024K)]
  0x00007f7f412a2000 JavaThread "Catalina-utility-1"                [_thread_blocked, id=40711, stack(0x0000700005c67000,0x0000700005d67000) (1024K)]
  0x00007f7f42bf4e00 JavaThread "Catalina-utility-2"                [_thread_blocked, id=40195, stack(0x0000700005d6a000,0x0000700005e6a000) (1024K)]
  0x00007f7f43270800 JavaThread "container-0"                       [_thread_blocked, id=39939, stack(0x0000700005e6d000,0x0000700005f6d000) (1024K)]
  0x00007f7f4323ae00 JavaThread "PostgreSQL-JDBC-Cleaner"    daemon [_thread_blocked, id=36099, stack(0x0000700005f70000,0x0000700006070000) (1024K)]
  0x00007f7f41a52000 JavaThread "HikariPool-1 housekeeper"   daemon [_thread_blocked, id=36355, stack(0x0000700006073000,0x0000700006173000) (1024K)]
  0x00007f7f4332cc00 JavaThread "VirtualThread-unblocker"    daemon [_thread_blocked, id=29959, stack(0x0000700006279000,0x0000700006379000) (1024K)]
  0x00007f7f411b6600 JavaThread "ForkJoinPool-1-worker-1"    daemon [_thread_blocked, id=36611, stack(0x000070000637c000,0x000070000647c000) (1024K)]
  0x00007f7f4333a200 JavaThread "Read-Poller"                daemon [_thread_in_native, id=38147, stack(0x000070000647f000,0x000070000657f000) (1024K)]
  0x00007f7f411bc800 JavaThread "Write-Poller"               daemon [_thread_in_native, id=37379, stack(0x0000700006582000,0x0000700006682000) (1024K)]
  0x00007f7f4333aa00 JavaThread "ForkJoinPool-1-delayScheduler" daemon [_thread_blocked, id=37635, stack(0x0000700006685000,0x0000700006785000) (1024K)]
  0x00007f7f4323b600 JavaThread "http-nio-8082-exec-1"       daemon [_thread_blocked, id=38919, stack(0x0000700006176000,0x0000700006276000) (1024K)]
  0x00007f7f4482ea00 JavaThread "http-nio-8082-exec-2"       daemon [_thread_blocked, id=43779, stack(0x0000700006788000,0x0000700006888000) (1024K)]
  0x00007f7f43339a00 JavaThread "http-nio-8082-exec-3"       daemon [_thread_blocked, id=65283, stack(0x000070000688b000,0x000070000698b000) (1024K)]
  0x00007f7f429a7c00 JavaThread "http-nio-8082-exec-4"       daemon [_thread_blocked, id=64771, stack(0x000070000698e000,0x0000700006a8e000) (1024K)]
  0x00007f7f41945000 JavaThread "http-nio-8082-exec-5"       daemon [_thread_blocked, id=44291, stack(0x0000700006a91000,0x0000700006b91000) (1024K)]
  0x00007f7f419e4e00 JavaThread "http-nio-8082-exec-6"       daemon [_thread_blocked, id=64259, stack(0x0000700006b94000,0x0000700006c94000) (1024K)]
  0x00007f7f419e5600 JavaThread "http-nio-8082-exec-7"       daemon [_thread_blocked, id=44803, stack(0x0000700006c97000,0x0000700006d97000) (1024K)]
  0x00007f7f411bfc00 JavaThread "http-nio-8082-exec-8"       daemon [_thread_blocked, id=63747, stack(0x0000700006d9a000,0x0000700006e9a000) (1024K)]
  0x00007f7f411c0400 JavaThread "http-nio-8082-exec-9"       daemon [_thread_blocked, id=45315, stack(0x0000700006e9d000,0x0000700006f9d000) (1024K)]
  0x00007f7f411db800 JavaThread "http-nio-8082-exec-10"      daemon [_thread_blocked, id=62979, stack(0x0000700006fa0000,0x00007000070a0000) (1024K)]
  0x00007f7f43135000 JavaThread "http-nio-8082-Poller"       daemon [_thread_in_native, id=45571, stack(0x00007000070a3000,0x00007000071a3000) (1024K)]
  0x00007f7f43137800 JavaThread "http-nio-8082-Acceptor"     daemon [_thread_in_native, id=46083, stack(0x00007000071a6000,0x00007000072a6000) (1024K)]
  0x00007f7f419e5e00 JavaThread "scheduling-1"                      [_thread_blocked, id=62467, stack(0x00007000072a9000,0x00007000073a9000) (1024K)]
  0x00007f7f42c4aa00 JavaThread "DestroyJavaVM"                     [_thread_blocked, id=8451, stack(0x0000700003f0d000,0x000070000400d000) (1024K)]
  0x00007f7f4315b200 JavaThread "C1 CompilerThread1"         daemon [_thread_blocked, id=43287, stack(0x0000700005146000,0x0000700005246000) (1024K)]
  0x00007f7f41356800 JavaThread "C1 CompilerThread2"         daemon [_thread_blocked, id=33039, stack(0x0000700005249000,0x0000700005349000) (1024K)]
  0x00007f7f41360000 JavaThread "C1 CompilerThread3"         daemon [_thread_blocked, id=42763, stack(0x000070000534c000,0x000070000544c000) (1024K)]
Total: 35

Other Threads:
  0x00007f7f40a05110 VMThread "VM Thread"                           [id=18435, stack(0x0000700004725000,0x0000700004825000) (1024K)]
  0x00007f7f40a04ac0 WatcherThread "VM Periodic Task Thread"        [id=20231, stack(0x0000700004622000,0x0000700004722000) (1024K)]
  0x00007f7f409078e0 WorkerThread "GC Thread#0"                     [id=14083, stack(0x0000700004010000,0x0000700004110000) (1024K)]
  0x00007f7f40a09fd0 WorkerThread "GC Thread#1"                     [id=33539, stack(0x000070000544f000,0x000070000554f000) (1024K)]
  0x00007f7f40a24390 WorkerThread "GC Thread#2"                     [id=34051, stack(0x0000700005552000,0x0000700005652000) (1024K)]
  0x00007f7f4092b830 WorkerThread "GC Thread#3"                     [id=42243, stack(0x0000700005758000,0x0000700005858000) (1024K)]
  0x00007f7f40a2ef10 WorkerThread "GC Thread#4"                     [id=34819, stack(0x000070000585b000,0x000070000595b000) (1024K)]
  0x00007f7f40939510 WorkerThread "GC Thread#5"                     [id=35075, stack(0x000070000595e000,0x0000700005a5e000) (1024K)]
  0x00007f7f40939ac0 WorkerThread "GC Thread#6"                     [id=41219, stack(0x0000700005a61000,0x0000700005b61000) (1024K)]
  0x00007f7f408488b0 WorkerThread "GC Thread#7"                     [id=35331, stack(0x0000700005b64000,0x0000700005c64000) (1024K)]
  0x00007f7f42816a00 ConcurrentGCThread "G1 Main Marker"            [id=12547, stack(0x0000700004113000,0x0000700004213000) (1024K)]
  0x00007f7f40908670 WorkerThread "G1 Conc#0"                       [id=13571, stack(0x0000700004216000,0x0000700004316000) (1024K)]
=>0x00007f7f40c51ba0 WorkerThread "G1 Conc#1"                       [id=34311, stack(0x0000700005655000,0x0000700005755000) (1024K)]
  0x00007f7f40806a10 WorkerThread "G1 Refinement Workers#0"         [id=16899, stack(0x000070000441c000,0x000070000451c000) (1024K)]
  0x00007f7f4303a600 ConcurrentGCThread "G1 Refine Control"         [id=16643, stack(0x0000700004319000,0x0000700004419000) (1024K)]
  0x00007f7f44808200 ConcurrentGCThread "G1 Service"                [id=17155, stack(0x000070000451f000,0x000070000461f000) (1024K)]
Total: 16

Threads with active compile tasks:
Total: 0

VM state: not at safepoint (normal execution)

VM Mutex/Monitor currently owned by a thread: None

Heap address: 0x0000000700000000, size: 4096 MB, Compressed Oops mode: Zero based, Oop shift amount: 3

CDS archive(s) mapped at: [0x000000011e000000-0x000000011eda8000-0x000000011eda8000), size 14319616, SharedBaseAddress: 0x000000011e000000, ArchiveRelocationMode: 1.
Compressed class space mapped at: 0x000000011f000000-0x000000015f000000, reserved size: 1073741824
UseCompressedClassPointers 1, UseCompactObjectHeaders 0
Narrow klass pointer bits 32, Max shift 3
Narrow klass base: 0x000000011e000000, Narrow klass shift: 0
Encoding Range: [0x000000011e000000 - 0x000000021e000000), (4294967296 bytes)
Klass Range:    [0x000000011e000000 - 0x000000015f000000), (1090519040 bytes)
Klass ID Range:  [8 - 1090519033) (1090519025)
Protection zone: [0x000000011e000000 - 0x000000011e001000), (4096 bytes)

GC Precious Log:
 CardTable entry size: 512
 Card Set container configuration: InlinePtr #cards 4 size 8 Array Of Cards #cards 16 size 48 Howl #buckets 8 coarsen threshold 3686 Howl Bitmap #cards 512 size 80 coarsen threshold 460 Card regions per heap region 1 cards per card region 4096
 CPUs: 8 total, 8 available
 Memory: 16384M
 Large Page Support: Disabled
 NUMA Support: Disabled
 Compressed Oops: Enabled (Zero based)
 Heap Region Size: 2M
 Heap Min Capacity: 8M
 Heap Initial Capacity: 8M
 Heap Max Capacity: 4G
 Pre-touch: Disabled
 Parallel Workers: 8
 Concurrent Workers: 2
 Concurrent Refinement Workers: 8
 Periodic GC: Disabled

Heap:
 garbage-first heap   total reserved 4194304K, committed 387072K, used 73493K [0x0000000700000000, 0x0000000800000000)
  region size 2M, 3 eden (6M), 9 survivor (18M), 27 old (54M), 0 humongous (0M), 150 free (300M)

Heap Regions: E=young(eden), S=young(survivor), O=old, HS=humongous(starts), HC=humongous(continues), CS=collection set, F=free, TAMS=top-at-mark-start, PB=parsable bottom
|    0|0x0000000700000000, 0x0000000700200000, 0x0000000700200000|100%| O|  |TAMS 0x0000000700200000| PB 0x0000000700000000| Untracked |  0
|    1|0x0000000700200000, 0x0000000700400000, 0x0000000700400000|100%| O|  |TAMS 0x0000000700400000| PB 0x0000000700200000| Untracked |  0
|    2|0x0000000700400000, 0x0000000700600000, 0x0000000700600000|100%| O|  |TAMS 0x0000000700600000| PB 0x0000000700400000| Untracked |  0
|    3|0x0000000700600000, 0x0000000700800000, 0x0000000700800000|100%| O|  |TAMS 0x0000000700800000| PB 0x0000000700600000| Untracked |  0
|    4|0x0000000700800000, 0x0000000700a00000, 0x0000000700a00000|100%| O|  |TAMS 0x0000000700a00000| PB 0x0000000700800000| Untracked |  0
|    5|0x0000000700a00000, 0x0000000700c00000, 0x0000000700c00000|100%| O|  |TAMS 0x0000000700c00000| PB 0x0000000700a00000| Untracked |  0
|    6|0x0000000700c00000, 0x0000000700e00000, 0x0000000700e00000|100%| O|  |TAMS 0x0000000700e00000| PB 0x0000000700c00000| Untracked |  0
|    7|0x0000000700e00000, 0x0000000701000000, 0x0000000701000000|100%| O|  |TAMS 0x0000000701000000| PB 0x0000000700e00000| Untracked |  0
|    8|0x0000000701000000, 0x0000000701200000, 0x0000000701200000|100%| O|  |TAMS 0x0000000701200000| PB 0x0000000701000000| Untracked |  0
|    9|0x0000000701200000, 0x0000000701400000, 0x0000000701400000|100%| O|  |TAMS 0x0000000701400000| PB 0x0000000701200000| Untracked |  0
|   10|0x0000000701400000, 0x0000000701600000, 0x0000000701600000|100%| O|  |TAMS 0x0000000701600000| PB 0x0000000701400000| Untracked |  0
|   11|0x0000000701600000, 0x0000000701800000, 0x0000000701800000|100%| O|  |TAMS 0x0000000701800000| PB 0x0000000701600000| Untracked |  0
|   12|0x0000000701800000, 0x0000000701a00000, 0x0000000701a00000|100%| O|  |TAMS 0x0000000701a00000| PB 0x0000000701800000| Untracked |  0
|   13|0x0000000701a00000, 0x0000000701c00000, 0x0000000701c00000|100%| O|  |TAMS 0x0000000701c00000| PB 0x0000000701a00000| Untracked |  0
|   14|0x0000000701c00000, 0x0000000701e00000, 0x0000000701e00000|100%| O|  |TAMS 0x0000000701e00000| PB 0x0000000701c00000| Untracked |  0
|   15|0x0000000701e00000, 0x0000000702000000, 0x0000000702000000|100%| O|  |TAMS 0x0000000702000000| PB 0x0000000701e00000| Untracked |  0
|   16|0x0000000702000000, 0x0000000702200000, 0x0000000702200000|100%| O|  |TAMS 0x0000000702200000| PB 0x0000000702000000| Untracked |  0
|   17|0x0000000702200000, 0x0000000702400000, 0x0000000702400000|100%| O|  |TAMS 0x0000000702400000| PB 0x0000000702200000| Untracked |  0
|   18|0x0000000702400000, 0x0000000702600000, 0x0000000702600000|100%| O|  |TAMS 0x0000000702600000| PB 0x0000000702400000| Untracked |  0
|   19|0x0000000702600000, 0x0000000702800000, 0x0000000702800000|100%| O|  |TAMS 0x0000000702800000| PB 0x0000000702600000| Untracked |  0
|   20|0x0000000702800000, 0x0000000702a00000, 0x0000000702a00000|100%| O|  |TAMS 0x0000000702a00000| PB 0x0000000702800000| Untracked |  0
|   21|0x0000000702a00000, 0x0000000702c00000, 0x0000000702c00000|100%| O|  |TAMS 0x0000000702c00000| PB 0x0000000702a00000| Untracked |  0
|   22|0x0000000702c00000, 0x0000000702d1cf80, 0x0000000702e00000| 55%| O|  |TAMS 0x0000000702d1cf80| PB 0x0000000702c00000| Untracked |  0
|   23|0x0000000702e00000, 0x0000000703000000, 0x0000000703000000|100%| O|  |TAMS 0x0000000703000000| PB 0x0000000702e00000| Untracked |  0
|   24|0x0000000703000000, 0x0000000703000000, 0x0000000703200000|  0%| F|  |TAMS 0x0000000703000000| PB 0x0000000703000000| Untracked |  0
|   25|0x0000000703200000, 0x0000000703200000, 0x0000000703400000|  0%| F|  |TAMS 0x0000000703200000| PB 0x0000000703200000| Untracked |  0
|   26|0x0000000703400000, 0x0000000703400000, 0x0000000703600000|  0%| F|  |TAMS 0x0000000703400000| PB 0x0000000703400000| Untracked |  0
|   27|0x0000000703600000, 0x0000000703600000, 0x0000000703800000|  0%| F|  |TAMS 0x0000000703600000| PB 0x0000000703600000| Untracked |  0
|   28|0x0000000703800000, 0x0000000703800000, 0x0000000703a00000|  0%| F|  |TAMS 0x0000000703800000| PB 0x0000000703800000| Untracked |  0
|   29|0x0000000703a00000, 0x0000000703a00000, 0x0000000703c00000|  0%| F|  |TAMS 0x0000000703a00000| PB 0x0000000703a00000| Untracked |  0
|   30|0x0000000703c00000, 0x0000000703c00000, 0x0000000703e00000|  0%| F|  |TAMS 0x0000000703c00000| PB 0x0000000703c00000| Untracked |  0
|   31|0x0000000703e00000, 0x0000000703e00000, 0x0000000704000000|  0%| F|  |TAMS 0x0000000703e00000| PB 0x0000000703e00000| Untracked |  0
|   32|0x0000000704000000, 0x0000000704000000, 0x0000000704200000|  0%| F|  |TAMS 0x0000000704000000| PB 0x0000000704000000| Untracked |  0
|   33|0x0000000704200000, 0x0000000704200000, 0x0000000704400000|  0%| F|  |TAMS 0x0000000704200000| PB 0x0000000704200000| Untracked |  0
|   34|0x0000000704400000, 0x0000000704400000, 0x0000000704600000|  0%| F|  |TAMS 0x0000000704400000| PB 0x0000000704400000| Untracked |  0
|   35|0x0000000704600000, 0x0000000704600000, 0x0000000704800000|  0%| F|  |TAMS 0x0000000704600000| PB 0x0000000704600000| Untracked |  0
|   36|0x0000000704800000, 0x0000000704800000, 0x0000000704a00000|  0%| F|  |TAMS 0x0000000704800000| PB 0x0000000704800000| Untracked |  0
|   37|0x0000000704a00000, 0x0000000704a00000, 0x0000000704c00000|  0%| F|  |TAMS 0x0000000704a00000| PB 0x0000000704a00000| Untracked |  0
|   38|0x0000000704c00000, 0x0000000704c00000, 0x0000000704e00000|  0%| F|  |TAMS 0x0000000704c00000| PB 0x0000000704c00000| Untracked |  0
|   39|0x0000000704e00000, 0x0000000704e00000, 0x0000000705000000|  0%| F|  |TAMS 0x0000000704e00000| PB 0x0000000704e00000| Untracked |  0
|   40|0x0000000705000000, 0x0000000705000000, 0x0000000705200000|  0%| F|  |TAMS 0x0000000705000000| PB 0x0000000705000000| Untracked |  0
|   41|0x0000000705200000, 0x0000000705200000, 0x0000000705400000|  0%| F|  |TAMS 0x0000000705200000| PB 0x0000000705200000| Untracked |  0
|   42|0x0000000705400000, 0x0000000705400000, 0x0000000705600000|  0%| F|  |TAMS 0x0000000705400000| PB 0x0000000705400000| Untracked |  0
|   43|0x0000000705600000, 0x0000000705600000, 0x0000000705800000|  0%| F|  |TAMS 0x0000000705600000| PB 0x0000000705600000| Untracked |  0
|   44|0x0000000705800000, 0x0000000705800000, 0x0000000705a00000|  0%| F|  |TAMS 0x0000000705800000| PB 0x0000000705800000| Untracked |  0
|   45|0x0000000705a00000, 0x0000000705a00000, 0x0000000705c00000|  0%| F|  |TAMS 0x0000000705a00000| PB 0x0000000705a00000| Untracked |  0
|   46|0x0000000705c00000, 0x0000000705c00000, 0x0000000705e00000|  0%| F|  |TAMS 0x0000000705c00000| PB 0x0000000705c00000| Untracked |  0
|   47|0x0000000705e00000, 0x0000000705e00000, 0x0000000706000000|  0%| F|  |TAMS 0x0000000705e00000| PB 0x0000000705e00000| Untracked |  0
|   48|0x0000000706000000, 0x0000000706000000, 0x0000000706200000|  0%| F|  |TAMS 0x0000000706000000| PB 0x0000000706000000| Untracked |  0
|   49|0x0000000706200000, 0x0000000706200000, 0x0000000706400000|  0%| F|  |TAMS 0x0000000706200000| PB 0x0000000706200000| Untracked |  0
|   50|0x0000000706400000, 0x0000000706400000, 0x0000000706600000|  0%| F|  |TAMS 0x0000000706400000| PB 0x0000000706400000| Untracked |  0
|   51|0x0000000706600000, 0x0000000706600000, 0x0000000706800000|  0%| F|  |TAMS 0x0000000706600000| PB 0x0000000706600000| Untracked |  0
|   52|0x0000000706800000, 0x0000000706800000, 0x0000000706a00000|  0%| F|  |TAMS 0x0000000706800000| PB 0x0000000706800000| Untracked |  0
|   53|0x0000000706a00000, 0x0000000706a00000, 0x0000000706c00000|  0%| F|  |TAMS 0x0000000706a00000| PB 0x0000000706a00000| Untracked |  0
|   54|0x0000000706c00000, 0x0000000706c00000, 0x0000000706e00000|  0%| F|  |TAMS 0x0000000706c00000| PB 0x0000000706c00000| Untracked |  0
|   55|0x0000000706e00000, 0x0000000706e00000, 0x0000000707000000|  0%| F|  |TAMS 0x0000000706e00000| PB 0x0000000706e00000| Untracked |  0
|   56|0x0000000707000000, 0x0000000707000000, 0x0000000707200000|  0%| F|  |TAMS 0x0000000707000000| PB 0x0000000707000000| Untracked |  0
|   57|0x0000000707200000, 0x0000000707200000, 0x0000000707400000|  0%| F|  |TAMS 0x0000000707200000| PB 0x0000000707200000| Untracked |  0
|   58|0x0000000707400000, 0x0000000707400000, 0x0000000707600000|  0%| F|  |TAMS 0x0000000707400000| PB 0x0000000707400000| Untracked |  0
|   59|0x0000000707600000, 0x0000000707600000, 0x0000000707800000|  0%| F|  |TAMS 0x0000000707600000| PB 0x0000000707600000| Untracked |  0
|   60|0x0000000707800000, 0x0000000707800000, 0x0000000707a00000|  0%| F|  |TAMS 0x0000000707800000| PB 0x0000000707800000| Untracked |  0
|   61|0x0000000707a00000, 0x0000000707a00000, 0x0000000707c00000|  0%| F|  |TAMS 0x0000000707a00000| PB 0x0000000707a00000| Untracked |  0
|   62|0x0000000707c00000, 0x0000000707c00000, 0x0000000707e00000|  0%| F|  |TAMS 0x0000000707c00000| PB 0x0000000707c00000| Untracked |  0
|   63|0x0000000707e00000, 0x0000000707e00000, 0x0000000708000000|  0%| F|  |TAMS 0x0000000707e00000| PB 0x0000000707e00000| Untracked |  0
|   64|0x0000000708000000, 0x0000000708000000, 0x0000000708200000|  0%| F|  |TAMS 0x0000000708000000| PB 0x0000000708000000| Untracked |  0
|   65|0x0000000708200000, 0x0000000708200000, 0x0000000708400000|  0%| F|  |TAMS 0x0000000708200000| PB 0x0000000708200000| Untracked |  0
|   66|0x0000000708400000, 0x0000000708400000, 0x0000000708600000|  0%| F|  |TAMS 0x0000000708400000| PB 0x0000000708400000| Untracked |  0
|   67|0x0000000708600000, 0x0000000708600000, 0x0000000708800000|  0%| F|  |TAMS 0x0000000708600000| PB 0x0000000708600000| Untracked |  0
|   68|0x0000000708800000, 0x0000000708800000, 0x0000000708a00000|  0%| F|  |TAMS 0x0000000708800000| PB 0x0000000708800000| Untracked |  0
|   69|0x0000000708a00000, 0x0000000708a00000, 0x0000000708c00000|  0%| F|  |TAMS 0x0000000708a00000| PB 0x0000000708a00000| Untracked |  0
|   70|0x0000000708c00000, 0x0000000708c00000, 0x0000000708e00000|  0%| F|  |TAMS 0x0000000708c00000| PB 0x0000000708c00000| Untracked |  0
|   71|0x0000000708e00000, 0x0000000708e00000, 0x0000000709000000|  0%| F|  |TAMS 0x0000000708e00000| PB 0x0000000708e00000| Untracked |  0
|   72|0x0000000709000000, 0x0000000709000000, 0x0000000709200000|  0%| F|  |TAMS 0x0000000709000000| PB 0x0000000709000000| Untracked |  0
|   73|0x0000000709200000, 0x0000000709200000, 0x0000000709400000|  0%| F|  |TAMS 0x0000000709200000| PB 0x0000000709200000| Untracked |  0
|   74|0x0000000709400000, 0x0000000709400000, 0x0000000709600000|  0%| F|  |TAMS 0x0000000709400000| PB 0x0000000709400000| Untracked |  0
|   75|0x0000000709600000, 0x0000000709600000, 0x0000000709800000|  0%| F|  |TAMS 0x0000000709600000| PB 0x0000000709600000| Untracked |  0
|   76|0x0000000709800000, 0x0000000709800000, 0x0000000709a00000|  0%| F|  |TAMS 0x0000000709800000| PB 0x0000000709800000| Untracked |  0
|   77|0x0000000709a00000, 0x0000000709a00000, 0x0000000709c00000|  0%| F|  |TAMS 0x0000000709a00000| PB 0x0000000709a00000| Untracked |  0
|   78|0x0000000709c00000, 0x0000000709c00000, 0x0000000709e00000|  0%| F|  |TAMS 0x0000000709c00000| PB 0x0000000709c00000| Untracked |  0
|   79|0x0000000709e00000, 0x0000000709e00000, 0x000000070a000000|  0%| F|  |TAMS 0x0000000709e00000| PB 0x0000000709e00000| Untracked |  0
|   80|0x000000070a000000, 0x000000070a000000, 0x000000070a200000|  0%| F|  |TAMS 0x000000070a000000| PB 0x000000070a000000| Untracked |  0
|   81|0x000000070a200000, 0x000000070a200000, 0x000000070a400000|  0%| F|  |TAMS 0x000000070a200000| PB 0x000000070a200000| Untracked |  0
|   82|0x000000070a400000, 0x000000070a400000, 0x000000070a600000|  0%| F|  |TAMS 0x000000070a400000| PB 0x000000070a400000| Untracked |  0
|   83|0x000000070a600000, 0x000000070a600000, 0x000000070a800000|  0%| F|  |TAMS 0x000000070a600000| PB 0x000000070a600000| Untracked |  0
|   84|0x000000070a800000, 0x000000070a800000, 0x000000070aa00000|  0%| F|  |TAMS 0x000000070a800000| PB 0x000000070a800000| Untracked |  0
|   85|0x000000070aa00000, 0x000000070aa00000, 0x000000070ac00000|  0%| F|  |TAMS 0x000000070aa00000| PB 0x000000070aa00000| Untracked |  0
|   86|0x000000070ac00000, 0x000000070ac00000, 0x000000070ae00000|  0%| F|  |TAMS 0x000000070ac00000| PB 0x000000070ac00000| Untracked |  0
|   87|0x000000070ae00000, 0x000000070ae00000, 0x000000070b000000|  0%| F|  |TAMS 0x000000070ae00000| PB 0x000000070ae00000| Untracked |  0
|   88|0x000000070b000000, 0x000000070b000000, 0x000000070b200000|  0%| F|  |TAMS 0x000000070b000000| PB 0x000000070b000000| Untracked |  0
|   89|0x000000070b200000, 0x000000070b200000, 0x000000070b400000|  0%| F|  |TAMS 0x000000070b200000| PB 0x000000070b200000| Untracked |  0
|   90|0x000000070b400000, 0x000000070b400000, 0x000000070b600000|  0%| F|  |TAMS 0x000000070b400000| PB 0x000000070b400000| Untracked |  0
|   91|0x000000070b600000, 0x000000070b600000, 0x000000070b800000|  0%| F|  |TAMS 0x000000070b600000| PB 0x000000070b600000| Untracked |  0
|   92|0x000000070b800000, 0x000000070b800000, 0x000000070ba00000|  0%| F|  |TAMS 0x000000070b800000| PB 0x000000070b800000| Untracked |  0
|   93|0x000000070ba00000, 0x000000070ba00000, 0x000000070bc00000|  0%| F|  |TAMS 0x000000070ba00000| PB 0x000000070ba00000| Untracked |  0
|   94|0x000000070bc00000, 0x000000070bc00000, 0x000000070be00000|  0%| F|  |TAMS 0x000000070bc00000| PB 0x000000070bc00000| Untracked |  0
|   95|0x000000070be00000, 0x000000070be00000, 0x000000070c000000|  0%| F|  |TAMS 0x000000070be00000| PB 0x000000070be00000| Untracked |  0
|   96|0x000000070c000000, 0x000000070c000000, 0x000000070c200000|  0%| F|  |TAMS 0x000000070c000000| PB 0x000000070c000000| Untracked |  0
|   97|0x000000070c200000, 0x000000070c200000, 0x000000070c400000|  0%| F|  |TAMS 0x000000070c200000| PB 0x000000070c200000| Untracked |  0
|   98|0x000000070c400000, 0x000000070c400000, 0x000000070c600000|  0%| F|  |TAMS 0x000000070c400000| PB 0x000000070c400000| Untracked |  0
|   99|0x000000070c600000, 0x000000070c600000, 0x000000070c800000|  0%| F|  |TAMS 0x000000070c600000| PB 0x000000070c600000| Untracked |  0
|  100|0x000000070c800000, 0x000000070c800000, 0x000000070ca00000|  0%| F|  |TAMS 0x000000070c800000| PB 0x000000070c800000| Untracked |  0
|  101|0x000000070ca00000, 0x000000070ca00000, 0x000000070cc00000|  0%| F|  |TAMS 0x000000070ca00000| PB 0x000000070ca00000| Untracked |  0
|  102|0x000000070cc00000, 0x000000070cc00000, 0x000000070ce00000|  0%| F|  |TAMS 0x000000070cc00000| PB 0x000000070cc00000| Untracked |  0
|  103|0x000000070ce00000, 0x000000070ce00000, 0x000000070d000000|  0%| F|  |TAMS 0x000000070ce00000| PB 0x000000070ce00000| Untracked |  0
|  104|0x000000070d000000, 0x000000070d000000, 0x000000070d200000|  0%| F|  |TAMS 0x000000070d000000| PB 0x000000070d000000| Untracked |  0
|  105|0x000000070d200000, 0x000000070d200000, 0x000000070d400000|  0%| F|  |TAMS 0x000000070d200000| PB 0x000000070d200000| Untracked |  0
|  106|0x000000070d400000, 0x000000070d400000, 0x000000070d600000|  0%| F|  |TAMS 0x000000070d400000| PB 0x000000070d400000| Untracked |  0
|  107|0x000000070d600000, 0x000000070d600000, 0x000000070d800000|  0%| F|  |TAMS 0x000000070d600000| PB 0x000000070d600000| Untracked |  0
|  108|0x000000070d800000, 0x000000070d800000, 0x000000070da00000|  0%| F|  |TAMS 0x000000070d800000| PB 0x000000070d800000| Untracked |  0
|  109|0x000000070da00000, 0x000000070da00000, 0x000000070dc00000|  0%| F|  |TAMS 0x000000070da00000| PB 0x000000070da00000| Untracked |  0
|  110|0x000000070dc00000, 0x000000070dc00000, 0x000000070de00000|  0%| F|  |TAMS 0x000000070dc00000| PB 0x000000070dc00000| Untracked |  0
|  111|0x000000070de00000, 0x000000070de00000, 0x000000070e000000|  0%| F|  |TAMS 0x000000070de00000| PB 0x000000070de00000| Untracked |  0
|  112|0x000000070e000000, 0x000000070e000000, 0x000000070e200000|  0%| F|  |TAMS 0x000000070e000000| PB 0x000000070e000000| Untracked |  0
|  113|0x000000070e200000, 0x000000070e200000, 0x000000070e400000|  0%| F|  |TAMS 0x000000070e200000| PB 0x000000070e200000| Untracked |  0
|  114|0x000000070e400000, 0x000000070e400000, 0x000000070e600000|  0%| F|  |TAMS 0x000000070e400000| PB 0x000000070e400000| Untracked |  0
|  115|0x000000070e600000, 0x000000070e600000, 0x000000070e800000|  0%| F|  |TAMS 0x000000070e600000| PB 0x000000070e600000| Untracked |  0
|  116|0x000000070e800000, 0x000000070e800000, 0x000000070ea00000|  0%| F|  |TAMS 0x000000070e800000| PB 0x000000070e800000| Untracked |  0
|  117|0x000000070ea00000, 0x000000070ea00000, 0x000000070ec00000|  0%| F|  |TAMS 0x000000070ea00000| PB 0x000000070ea00000| Untracked |  0
|  118|0x000000070ec00000, 0x000000070ec00000, 0x000000070ee00000|  0%| F|  |TAMS 0x000000070ec00000| PB 0x000000070ec00000| Untracked |  0
|  119|0x000000070ee00000, 0x000000070ee00000, 0x000000070f000000|  0%| F|  |TAMS 0x000000070ee00000| PB 0x000000070ee00000| Untracked |  0
|  120|0x000000070f000000, 0x000000070f000000, 0x000000070f200000|  0%| F|  |TAMS 0x000000070f000000| PB 0x000000070f000000| Untracked |  0
|  121|0x000000070f200000, 0x000000070f200000, 0x000000070f400000|  0%| F|  |TAMS 0x000000070f200000| PB 0x000000070f200000| Untracked |  0
|  122|0x000000070f400000, 0x000000070f400000, 0x000000070f600000|  0%| F|  |TAMS 0x000000070f400000| PB 0x000000070f400000| Untracked |  0
|  123|0x000000070f600000, 0x000000070f600000, 0x000000070f800000|  0%| F|  |TAMS 0x000000070f600000| PB 0x000000070f600000| Untracked |  0
|  124|0x000000070f800000, 0x000000070f800000, 0x000000070fa00000|  0%| F|  |TAMS 0x000000070f800000| PB 0x000000070f800000| Untracked |  0
|  125|0x000000070fa00000, 0x000000070fa00000, 0x000000070fc00000|  0%| F|  |TAMS 0x000000070fa00000| PB 0x000000070fa00000| Untracked |  0
|  126|0x000000070fc00000, 0x000000070fc00000, 0x000000070fe00000|  0%| F|  |TAMS 0x000000070fc00000| PB 0x000000070fc00000| Untracked |  0
|  127|0x000000070fe00000, 0x000000070fe00000, 0x0000000710000000|  0%| F|  |TAMS 0x000000070fe00000| PB 0x000000070fe00000| Untracked |  0
|  128|0x0000000710000000, 0x0000000710000000, 0x0000000710200000|  0%| F|  |TAMS 0x0000000710000000| PB 0x0000000710000000| Untracked |  0
|  129|0x0000000710200000, 0x0000000710200000, 0x0000000710400000|  0%| F|  |TAMS 0x0000000710200000| PB 0x0000000710200000| Untracked |  0
|  130|0x0000000710400000, 0x0000000710400000, 0x0000000710600000|  0%| F|  |TAMS 0x0000000710400000| PB 0x0000000710400000| Untracked |  0
|  131|0x0000000710600000, 0x0000000710785d30, 0x0000000710800000| 76%| S|CS|TAMS 0x0000000710600000| PB 0x0000000710600000| Complete  |  0
|  132|0x0000000710800000, 0x0000000710a00000, 0x0000000710a00000|100%| S|CS|TAMS 0x0000000710800000| PB 0x0000000710800000| Complete  |  0
|  133|0x0000000710a00000, 0x0000000710c00000, 0x0000000710c00000|100%| S|CS|TAMS 0x0000000710a00000| PB 0x0000000710a00000| Complete  |  0
|  134|0x0000000710c00000, 0x0000000710e00000, 0x0000000710e00000|100%| S|CS|TAMS 0x0000000710c00000| PB 0x0000000710c00000| Complete  |  0
|  135|0x0000000710e00000, 0x0000000711000000, 0x0000000711000000|100%| S|CS|TAMS 0x0000000710e00000| PB 0x0000000710e00000| Complete  |  0
|  136|0x0000000711000000, 0x0000000711200000, 0x0000000711200000|100%| S|CS|TAMS 0x0000000711000000| PB 0x0000000711000000| Complete  |  0
|  137|0x0000000711200000, 0x0000000711400000, 0x0000000711400000|100%| S|CS|TAMS 0x0000000711200000| PB 0x0000000711200000| Complete  |  0
|  138|0x0000000711400000, 0x0000000711600000, 0x0000000711600000|100%| S|CS|TAMS 0x0000000711400000| PB 0x0000000711400000| Complete  |  0
|  139|0x0000000711600000, 0x0000000711800000, 0x0000000711800000|100%| S|CS|TAMS 0x0000000711600000| PB 0x0000000711600000| Complete  |  0
|  140|0x0000000711800000, 0x0000000711800000, 0x0000000711a00000|  0%| F|  |TAMS 0x0000000711800000| PB 0x0000000711800000| Untracked |  0
|  141|0x0000000711a00000, 0x0000000711a00000, 0x0000000711c00000|  0%| F|  |TAMS 0x0000000711a00000| PB 0x0000000711a00000| Untracked |  0
|  142|0x0000000711c00000, 0x0000000711c00000, 0x0000000711e00000|  0%| F|  |TAMS 0x0000000711c00000| PB 0x0000000711c00000| Untracked |  0
|  143|0x0000000711e00000, 0x0000000711e00000, 0x0000000712000000|  0%| F|  |TAMS 0x0000000711e00000| PB 0x0000000711e00000| Untracked |  0
|  144|0x0000000712000000, 0x0000000712000000, 0x0000000712200000|  0%| F|  |TAMS 0x0000000712000000| PB 0x0000000712000000| Untracked |  0
|  145|0x0000000712200000, 0x0000000712200000, 0x0000000712400000|  0%| F|  |TAMS 0x0000000712200000| PB 0x0000000712200000| Untracked |  0
|  146|0x0000000712400000, 0x0000000712400000, 0x0000000712600000|  0%| F|  |TAMS 0x0000000712400000| PB 0x0000000712400000| Untracked |  0
|  147|0x0000000712600000, 0x0000000712600000, 0x0000000712800000|  0%| F|  |TAMS 0x0000000712600000| PB 0x0000000712600000| Untracked |  0
|  148|0x0000000712800000, 0x0000000712800000, 0x0000000712a00000|  0%| F|  |TAMS 0x0000000712800000| PB 0x0000000712800000| Untracked |  0
|  149|0x0000000712a00000, 0x0000000712a00000, 0x0000000712c00000|  0%| F|  |TAMS 0x0000000712a00000| PB 0x0000000712a00000| Untracked |  0
|  150|0x0000000712c00000, 0x0000000712c00000, 0x0000000712e00000|  0%| F|  |TAMS 0x0000000712c00000| PB 0x0000000712c00000| Untracked |  0
|  151|0x0000000712e00000, 0x0000000712e00000, 0x0000000713000000|  0%| F|  |TAMS 0x0000000712e00000| PB 0x0000000712e00000| Untracked |  0
|  152|0x0000000713000000, 0x0000000713000000, 0x0000000713200000|  0%| F|  |TAMS 0x0000000713000000| PB 0x0000000713000000| Untracked |  0
|  153|0x0000000713200000, 0x0000000713200000, 0x0000000713400000|  0%| F|  |TAMS 0x0000000713200000| PB 0x0000000713200000| Untracked |  0
|  154|0x0000000713400000, 0x0000000713400000, 0x0000000713600000|  0%| F|  |TAMS 0x0000000713400000| PB 0x0000000713400000| Untracked |  0
|  155|0x0000000713600000, 0x0000000713600000, 0x0000000713800000|  0%| F|  |TAMS 0x0000000713600000| PB 0x0000000713600000| Untracked |  0
|  156|0x0000000713800000, 0x0000000713800000, 0x0000000713a00000|  0%| F|  |TAMS 0x0000000713800000| PB 0x0000000713800000| Untracked |  0
|  157|0x0000000713a00000, 0x0000000713a00000, 0x0000000713c00000|  0%| F|  |TAMS 0x0000000713a00000| PB 0x0000000713a00000| Untracked |  0
|  158|0x0000000713c00000, 0x0000000713c00000, 0x0000000713e00000|  0%| F|  |TAMS 0x0000000713c00000| PB 0x0000000713c00000| Untracked |  0
|  159|0x0000000713e00000, 0x0000000713e00000, 0x0000000714000000|  0%| F|  |TAMS 0x0000000713e00000| PB 0x0000000713e00000| Untracked |  0
|  160|0x0000000714000000, 0x0000000714000000, 0x0000000714200000|  0%| F|  |TAMS 0x0000000714000000| PB 0x0000000714000000| Untracked |  0
|  161|0x0000000714200000, 0x0000000714200000, 0x0000000714400000|  0%| F|  |TAMS 0x0000000714200000| PB 0x0000000714200000| Untracked |  0
|  162|0x0000000714400000, 0x0000000714400000, 0x0000000714600000|  0%| F|  |TAMS 0x0000000714400000| PB 0x0000000714400000| Untracked |  0
|  163|0x0000000714600000, 0x0000000714600000, 0x0000000714800000|  0%| F|  |TAMS 0x0000000714600000| PB 0x0000000714600000| Untracked |  0
|  164|0x0000000714800000, 0x0000000714800000, 0x0000000714a00000|  0%| F|  |TAMS 0x0000000714800000| PB 0x0000000714800000| Untracked |  0
|  165|0x0000000714a00000, 0x0000000714a00000, 0x0000000714c00000|  0%| F|  |TAMS 0x0000000714a00000| PB 0x0000000714a00000| Untracked |  0
|  166|0x0000000714c00000, 0x0000000714c00000, 0x0000000714e00000|  0%| F|  |TAMS 0x0000000714c00000| PB 0x0000000714c00000| Untracked |  0
|  167|0x0000000714e00000, 0x0000000714e00000, 0x0000000715000000|  0%| F|  |TAMS 0x0000000714e00000| PB 0x0000000714e00000| Untracked |  0
|  168|0x0000000715000000, 0x0000000715000000, 0x0000000715200000|  0%| F|  |TAMS 0x0000000715000000| PB 0x0000000715000000| Untracked |  0
|  169|0x0000000715200000, 0x0000000715200000, 0x0000000715400000|  0%| F|  |TAMS 0x0000000715200000| PB 0x0000000715200000| Untracked |  0
|  170|0x0000000715400000, 0x0000000715400000, 0x0000000715600000|  0%| F|  |TAMS 0x0000000715400000| PB 0x0000000715400000| Untracked |  0
|  171|0x0000000715600000, 0x0000000715600000, 0x0000000715800000|  0%| F|  |TAMS 0x0000000715600000| PB 0x0000000715600000| Untracked |  0
|  172|0x0000000715800000, 0x0000000715800000, 0x0000000715a00000|  0%| F|  |TAMS 0x0000000715800000| PB 0x0000000715800000| Untracked |  0
|  173|0x0000000715a00000, 0x0000000715a00000, 0x0000000715c00000|  0%| F|  |TAMS 0x0000000715a00000| PB 0x0000000715a00000| Untracked |  0
|  174|0x0000000715c00000, 0x0000000715c00000, 0x0000000715e00000|  0%| F|  |TAMS 0x0000000715c00000| PB 0x0000000715c00000| Untracked |  0
|  175|0x0000000715e00000, 0x0000000715e00000, 0x0000000716000000|  0%| F|  |TAMS 0x0000000715e00000| PB 0x0000000715e00000| Untracked |  0
|  176|0x0000000716000000, 0x0000000716000000, 0x0000000716200000|  0%| F|  |TAMS 0x0000000716000000| PB 0x0000000716000000| Untracked |  0
|  177|0x0000000716200000, 0x0000000716200000, 0x0000000716400000|  0%| F|  |TAMS 0x0000000716200000| PB 0x0000000716200000| Untracked |  0
|  178|0x0000000716400000, 0x0000000716400000, 0x0000000716600000|  0%| F|  |TAMS 0x0000000716400000| PB 0x0000000716400000| Untracked |  0
|  179|0x0000000716600000, 0x0000000716600000, 0x0000000716800000|  0%| F|  |TAMS 0x0000000716600000| PB 0x0000000716600000| Untracked |  0
|  180|0x0000000716800000, 0x0000000716800000, 0x0000000716a00000|  0%| F|  |TAMS 0x0000000716800000| PB 0x0000000716800000| Untracked |  0
|  181|0x0000000716a00000, 0x0000000716a00000, 0x0000000716c00000|  0%| F|  |TAMS 0x0000000716a00000| PB 0x0000000716a00000| Untracked |  0
|  182|0x0000000716c00000, 0x0000000716c00000, 0x0000000716e00000|  0%| F|  |TAMS 0x0000000716c00000| PB 0x0000000716c00000| Untracked |  0
|  183|0x0000000716e00000, 0x0000000716ee0d50, 0x0000000717000000| 43%| E|CS|TAMS 0x0000000716e00000| PB 0x0000000716e00000| Complete  |  0
|  184|0x0000000717000000, 0x0000000717200000, 0x0000000717200000|100%| E|CS|TAMS 0x0000000717000000| PB 0x0000000717000000| Complete  |  0
|  185|0x0000000717200000, 0x0000000717400000, 0x0000000717400000|100%| E|CS|TAMS 0x0000000717200000| PB 0x0000000717200000| Complete  |  0
| 2045|0x00000007ffa00000, 0x00000007ffc00000, 0x00000007ffc00000|100%| O|  |TAMS 0x00000007ffc00000| PB 0x00000007ffa00000| Untracked |  0
| 2046|0x00000007ffc00000, 0x00000007ffe00000, 0x00000007ffe00000|100%| O|  |TAMS 0x00000007ffe00000| PB 0x00000007ffc00000| Untracked |  0
| 2047|0x00000007ffe00000, 0x00000007fff22ae8, 0x0000000800000000| 56%| O|  |TAMS 0x00000007fff22ae8| PB 0x00000007ffe00000| Untracked |  0

Card table byte_map: [0x0000000109c41000,0x000000010a441000] _byte_map_base: 0x0000000106441000
Refinement table byte_map: [0x000000011761a000,0x0000000117e1a000] _byte_map_base: 0x0000000113e1a000

Marking Bits: (CMBitMap*) 0x00007f7f42816210
 Bits: [0x0000000117e1a000, 0x000000011be1a000)

Polling page: 0x0000000108e67000

Metaspace:
Metaspace        used 95791K, committed 97024K, reserved 1179648K
 class space     used 14649K, committed 15168K, reserved 1048576K

Usage:
  Non-class:     79.24 MB used.
      Class:     14.31 MB used.
       Both:     93.55 MB used.

Virtual space:
  Non-class space:      128.00 MB reserved,      79.94 MB ( 62%) committed,  2 nodes.
      Class space:        1.00 GB reserved,      14.81 MB (  1%) committed,  1 nodes.
             Both:        1.12 GB reserved,      94.75 MB (  8%) committed. 

Chunk freelists:
   Non-Class:  54.00 KB
       Class:  1.07 MB
        Both:  1.12 MB

MaxMetaspaceSize: unlimited
CompressedClassSpaceSize: 1.00 GB
Initial GC threshold: 21.00 MB
Current GC threshold: 147.94 MB
CDS: on
 - commit_granule_bytes: 65536.
 - commit_granule_words: 8192.
 - virtual_space_node_default_size: 8388608.
 - enlarge_chunks_in_place: 1.
UseCompressedClassPointers 1, UseCompactObjectHeaders 0
Narrow klass pointer bits 32, Max shift 3
Narrow klass base: 0x000000011e000000, Narrow klass shift: 0
Encoding Range: [0x000000011e000000 - 0x000000021e000000), (4294967296 bytes)
Klass Range:    [0x000000011e000000 - 0x000000015f000000), (1090519040 bytes)
Klass ID Range:  [8 - 1090519033) (1090519025)
Protection zone: [0x000000011e000000 - 0x000000011e001000), (4096 bytes)


Internal statistics:

num_allocs_failed_limit: 15.
num_arena_births: 2014.
num_arena_deaths: 0.
num_vsnodes_births: 3.
num_vsnodes_deaths: 0.
num_space_committed: 1516.
num_space_uncommitted: 0.
num_chunks_returned_to_freelist: 15.
num_chunks_taken_from_freelist: 5585.
num_chunk_merges: 15.
num_chunk_splits: 3966.
num_chunks_enlarged: 3010.
num_inconsistent_stats: 0.

CodeCache: size=49152Kb used=20833Kb max_used=20833Kb free=28318Kb
 bounds [0x000000011461a000, 0x0000000115aaa000, 0x000000011761a000]
 total_blobs=16571, nmethods=15739, adapters=754, full_count=0
Compilation: enabled, stopped_count=0, restarted_count=0

Compilation events (20 events):
Event: 273.419 Thread 0x00007f7f41360000 nmethod 15891 0x000000011486bf08 code [0x000000011486c000, 0x000000011486c220]
Event: 273.419 Thread 0x00007f7f4315b200 nmethod 15888 0x000000011486bc08 code [0x000000011486bd00, 0x000000011486bdb0]
Event: 273.419 Thread 0x00007f7f41356800 nmethod 15893 0x000000011486b908 code [0x000000011486ba00, 0x000000011486bb58]
Event: 273.420 Thread 0x00007f7f40017e00 nmethod 15884 0x000000011486b008 code [0x000000011486b100, 0x000000011486b880]
Event: 273.421 Thread 0x00007f7f41360000 15894       1       org.springframework.util.MimeType::getSubtypeSuffix (39 bytes)
Event: 273.421 Thread 0x00007f7f41360000 nmethod 15894 0x000000011486ad08 code [0x000000011486ae00, 0x000000011486aff8]
Event: 273.422 Thread 0x00007f7f40017e00 15895       1       org.apache.catalina.core.ContainerBase::getAccessLog (108 bytes)
Event: 273.422 Thread 0x00007f7f41356800 15896       1       org.apache.catalina.connector.Request::getDiscardFacades (19 bytes)
Event: 273.422 Thread 0x00007f7f4315b200 15897       1       org.apache.catalina.connector.Connector::getDiscardFacades (19 bytes)
Event: 273.422 Thread 0x00007f7f41356800 nmethod 15896 0x000000011486aa08 code [0x000000011486ab00, 0x000000011486abf0]
Event: 273.422 Thread 0x00007f7f40017e00 nmethod 15895 0x000000011486a508 code [0x000000011486a600, 0x000000011486a9f8]
Event: 273.422 Thread 0x00007f7f4315b200 nmethod 15897 0x000000011486a208 code [0x000000011486a300, 0x000000011486a3c8]
Event: 273.427 Thread 0x00007f7f41360000 15898       1       org.springframework.data.jpa.repository.query.AbstractJpaQuery::getExecution (51 bytes)
Event: 273.427 Thread 0x00007f7f41360000 nmethod 15898 0x0000000114869d88 code [0x0000000114869e80, 0x000000011486a1f8]
Event: 273.435 Thread 0x00007f7f4315b200 15899       1       org.hibernate.sql.results.graph.collection.internal.CollectionFetch::createAssembler (26 bytes)
Event: 273.435 Thread 0x00007f7f41356800 15900       1       org.hibernate.sql.results.graph.collection.internal.CollectionFetch::createInitializer (11 bytes)
Event: 273.435 Thread 0x00007f7f41360000 15901       1       org.hibernate.sql.results.graph.collection.internal.CollectionFetch::createInitializer (7 bytes)
Event: 273.435 Thread 0x00007f7f41360000 nmethod 15901 0x0000000114869a88 code [0x0000000114869b80, 0x0000000114869c68]
Event: 273.435 Thread 0x00007f7f41356800 nmethod 15900 0x0000000114869788 code [0x0000000114869880, 0x00000001148699a8]
Event: 273.435 Thread 0x00007f7f4315b200 nmethod 15899 0x0000000114869388 code [0x0000000114869480, 0x0000000114869728]

GC Heap Usage History (20 events):
Event: 4.837 {heap Before GC invocations=15 (full 0):
 garbage-first heap   total reserved 4194304K, committed 129024K, used 99329K [0x0000000700000000, 0x0000000800000000)
  region size 2M, 35 eden (70M), 2 survivor (4M), 13 old (26M), 0 humongous (0M), 13 free (26M)
}
Event: 4.843 {heap After GC invocations=16 (full 0):
 garbage-first heap   total reserved 4194304K, committed 129024K, used 33458K [0x0000000700000000, 0x0000000800000000)
  region size 2M, 0 eden (0M), 5 survivor (10M), 13 old (26M), 0 humongous (0M), 45 free (90M)
}
Event: 5.665 {heap Before GC invocations=16 (full 0):
 garbage-first heap   total reserved 4194304K, committed 129024K, used 98994K [0x0000000700000000, 0x0000000800000000)
  region size 2M, 32 eden (64M), 5 survivor (10M), 13 old (26M), 0 humongous (0M), 13 free (26M)
}
Event: 5.674 {heap After GC invocations=17 (full 0):
 garbage-first heap   total reserved 4194304K, committed 129024K, used 35877K [0x0000000700000000, 0x0000000800000000)
  region size 2M, 0 eden (0M), 2 survivor (4M), 17 old (34M), 0 humongous (0M), 44 free (88M)
}
Event: 5.781 {heap Before GC invocations=17 (full 0):
 garbage-first heap   total reserved 4194304K, committed 129024K, used 60453K [0x0000000700000000, 0x0000000800000000)
  region size 2M, 13 eden (26M), 2 survivor (4M), 17 old (34M), 0 humongous (0M), 31 free (62M)
}
Event: 5.784 {heap After GC invocations=18 (full 0):
 garbage-first heap   total reserved 4194304K, committed 129024K, used 35547K [0x0000000700000000, 0x0000000800000000)
  region size 2M, 0 eden (0M), 2 survivor (4M), 17 old (34M), 0 humongous (0M), 44 free (88M)
}
Event: 6.808 {heap Before GC invocations=19 (full 0):
 garbage-first heap   total reserved 4194304K, committed 129024K, used 107227K [0x0000000700000000, 0x0000000800000000)
  region size 2M, 35 eden (70M), 2 survivor (4M), 17 old (34M), 0 humongous (0M), 9 free (18M)
}
Event: 6.814 {heap After GC invocations=20 (full 0):
 garbage-first heap   total reserved 4194304K, committed 129024K, used 41524K [0x0000000700000000, 0x0000000800000000)
  region size 2M, 0 eden (0M), 5 survivor (10M), 17 old (34M), 0 humongous (0M), 41 free (82M)
}
Event: 7.145 {heap Before GC invocations=20 (full 0):
 garbage-first heap   total reserved 4194304K, committed 129024K, used 107060K [0x0000000700000000, 0x0000000800000000)
  region size 2M, 32 eden (64M), 5 survivor (10M), 17 old (34M), 0 humongous (0M), 9 free (18M)
}
Event: 7.154 {heap After GC invocations=21 (full 0):
 garbage-first heap   total reserved 4194304K, committed 129024K, used 48196K [0x0000000700000000, 0x0000000800000000)
  region size 2M, 0 eden (0M), 4 survivor (8M), 21 old (42M), 0 humongous (0M), 38 free (76M)
}
Event: 7.256 {heap Before GC invocations=21 (full 0):
 garbage-first heap   total reserved 4194304K, committed 129024K, used 111684K [0x0000000700000000, 0x0000000800000000)
  region size 2M, 31 eden (62M), 4 survivor (8M), 21 old (42M), 0 humongous (0M), 7 free (14M)
}
Event: 7.264 {heap After GC invocations=22 (full 0):
 garbage-first heap   total reserved 4194304K, committed 387072K, used 54938K [0x0000000700000000, 0x0000000800000000)
  region size 2M, 0 eden (0M), 5 survivor (10M), 23 old (46M), 0 humongous (0M), 161 free (322M)
}
Event: 8.133 {heap Before GC invocations=22 (full 0):
 garbage-first heap   total reserved 4194304K, committed 387072K, used 276122K [0x0000000700000000, 0x0000000800000000)
  region size 2M, 108 eden (216M), 5 survivor (10M), 23 old (46M), 0 humongous (0M), 53 free (106M)
}
Event: 8.146 {heap After GC invocations=23 (full 0):
 garbage-first heap   total reserved 4194304K, committed 387072K, used 54000K [0x0000000700000000, 0x0000000800000000)
  region size 2M, 0 eden (0M), 5 survivor (10M), 23 old (46M), 0 humongous (0M), 161 free (322M)
}
Event: 10.453 {heap Before GC invocations=23 (full 0):
 garbage-first heap   total reserved 4194304K, committed 387072K, used 275184K [0x0000000700000000, 0x0000000800000000)
  region size 2M, 108 eden (216M), 5 survivor (10M), 23 old (46M), 0 humongous (0M), 53 free (106M)
}
Event: 10.471 {heap After GC invocations=24 (full 0):
 garbage-first heap   total reserved 4194304K, committed 387072K, used 66898K [0x0000000700000000, 0x0000000800000000)
  region size 2M, 0 eden (0M), 11 survivor (22M), 23 old (46M), 0 humongous (0M), 155 free (310M)
}
Event: 11.009 {heap Before GC invocations=24 (full 0):
 garbage-first heap   total reserved 4194304K, committed 387072K, used 85330K [0x0000000700000000, 0x0000000800000000)
  region size 2M, 10 eden (20M), 11 survivor (22M), 23 old (46M), 0 humongous (0M), 145 free (290M)
}
Event: 11.022 {heap After GC invocations=25 (full 0):
 garbage-first heap   total reserved 4194304K, committed 387072K, used 68715K [0x0000000700000000, 0x0000000800000000)
  region size 2M, 0 eden (0M), 8 survivor (16M), 27 old (54M), 0 humongous (0M), 154 free (308M)
}
Event: 273.385 {heap Before GC invocations=26 (full 0):
 garbage-first heap   total reserved 4194304K, committed 387072K, used 142443K [0x0000000700000000, 0x0000000800000000)
  region size 2M, 38 eden (76M), 8 survivor (16M), 27 old (54M), 0 humongous (0M), 116 free (232M)
}
Event: 273.397 {heap After GC invocations=27 (full 0):
 garbage-first heap   total reserved 4194304K, committed 387072K, used 71445K [0x0000000700000000, 0x0000000800000000)
  region size 2M, 0 eden (0M), 9 survivor (18M), 27 old (54M), 0 humongous (0M), 153 free (306M)
}

Metaspace Usage History (20 events):
Event: 4.837 {metaspace Before GC invocations=15 (full 0):
 Metaspace       used 52168K, committed 52608K, reserved 1114112K
  class space    used 7598K, committed 7808K, reserved 1048576K
}
Event: 4.843 {metaspace After GC invocations=16 (full 0):
 Metaspace       used 52168K, committed 52608K, reserved 1114112K
  class space    used 7598K, committed 7808K, reserved 1048576K
}
Event: 5.665 {metaspace Before GC invocations=16 (full 0):
 Metaspace       used 60823K, committed 61312K, reserved 1114112K
  class space    used 9053K, committed 9280K, reserved 1048576K
}
Event: 5.674 {metaspace After GC invocations=17 (full 0):
 Metaspace       used 60823K, committed 61312K, reserved 1114112K
  class space    used 9053K, committed 9280K, reserved 1048576K
}
Event: 5.781 {metaspace Before GC invocations=17 (full 0):
 Metaspace       used 61405K, committed 61888K, reserved 1114112K
  class space    used 9122K, committed 9344K, reserved 1048576K
}
Event: 5.784 {metaspace After GC invocations=18 (full 0):
 Metaspace       used 61405K, committed 61888K, reserved 1114112K
  class space    used 9122K, committed 9344K, reserved 1048576K
}
Event: 6.808 {metaspace Before GC invocations=19 (full 0):
 Metaspace       used 70198K, committed 70720K, reserved 1114112K
  class space    used 10569K, committed 10816K, reserved 1048576K
}
Event: 6.814 {metaspace After GC invocations=20 (full 0):
 Metaspace       used 70198K, committed 70720K, reserved 1114112K
  class space    used 10569K, committed 10816K, reserved 1048576K
}
Event: 7.145 {metaspace Before GC invocations=20 (full 0):
 Metaspace       used 72931K, committed 73472K, reserved 1114112K
  class space    used 11127K, committed 11392K, reserved 1048576K
}
Event: 7.154 {metaspace After GC invocations=21 (full 0):
 Metaspace       used 72931K, committed 73472K, reserved 1114112K
  class space    used 11127K, committed 11392K, reserved 1048576K
}
Event: 7.256 {metaspace Before GC invocations=21 (full 0):
 Metaspace       used 72935K, committed 73472K, reserved 1114112K
  class space    used 11127K, committed 11392K, reserved 1048576K
}
Event: 7.264 {metaspace After GC invocations=22 (full 0):
 Metaspace       used 72935K, committed 73472K, reserved 1114112K
  class space    used 11127K, committed 11392K, reserved 1048576K
}
Event: 8.133 {metaspace Before GC invocations=22 (full 0):
 Metaspace       used 74325K, committed 74944K, reserved 1114112K
  class space    used 11389K, committed 11648K, reserved 1048576K
}
Event: 8.146 {metaspace After GC invocations=23 (full 0):
 Metaspace       used 74325K, committed 74944K, reserved 1114112K
  class space    used 11389K, committed 11648K, reserved 1048576K
}
Event: 10.453 {metaspace Before GC invocations=23 (full 0):
 Metaspace       used 88294K, committed 89152K, reserved 1179648K
  class space    used 13380K, committed 13760K, reserved 1048576K
}
Event: 10.471 {metaspace After GC invocations=24 (full 0):
 Metaspace       used 88294K, committed 89152K, reserved 1179648K
  class space    used 13380K, committed 13760K, reserved 1048576K
}
Event: 11.009 {metaspace Before GC invocations=24 (full 0):
 Metaspace       used 89813K, committed 90816K, reserved 1179648K
  class space    used 13682K, committed 14144K, reserved 1048576K
}
Event: 11.022 {metaspace After GC invocations=25 (full 0):
 Metaspace       used 89813K, committed 90816K, reserved 1179648K
  class space    used 13682K, committed 14144K, reserved 1048576K
}
Event: 273.385 {metaspace Before GC invocations=26 (full 0):
 Metaspace       used 95791K, committed 97024K, reserved 1179648K
  class space    used 14649K, committed 15168K, reserved 1048576K
}
Event: 273.397 {metaspace After GC invocations=27 (full 0):
 Metaspace       used 95791K, committed 97024K, reserved 1179648K
  class space    used 14649K, committed 15168K, reserved 1048576K
}

Dll operation events (20 events):
Event: 2.495 Attempting to load shared library /System/Library/Java/Extensions/liblibtcnative-1.dylib
Event: 2.495 Loading shared library /System/Library/Java/Extensions/liblibtcnative-1.dylib failed, dlopen(/System/Library/Java/Extensions/liblibtcnative-1.dylib, 0x0001): tried: '/System/Library/Java/Extensions/liblibtcnative-1.dylib' (no such file), '/System/Volumes/
Event: 2.495 Attempting to load shared library /System/Library/Java/Extensions/liblibtcnative-1.jnilib
Event: 2.496 Loading shared library /System/Library/Java/Extensions/liblibtcnative-1.jnilib failed, dlopen(/System/Library/Java/Extensions/liblibtcnative-1.jnilib, 0x0001): tried: '/System/Library/Java/Extensions/liblibtcnative-1.jnilib' (no such file), '/System/Volum
Event: 2.496 Attempting to load shared library /usr/lib/java/liblibtcnative-1.dylib
Event: 2.496 Loading shared library /usr/lib/java/liblibtcnative-1.dylib failed, dlopen(/usr/lib/java/liblibtcnative-1.dylib, 0x0001): tried: '/usr/lib/java/liblibtcnative-1.dylib' (no such file), '/System/Volumes/Preboot/Cryptexes/OS/usr/lib/java/liblibtcnative-1.dyl
Event: 2.496 Attempting to load shared library /usr/lib/java/liblibtcnative-1.jnilib
Event: 2.496 Loading shared library /usr/lib/java/liblibtcnative-1.jnilib failed, dlopen(/usr/lib/java/liblibtcnative-1.jnilib, 0x0001): tried: '/usr/lib/java/liblibtcnative-1.jnilib' (no such file), '/System/Volumes/Preboot/Cryptexes/OS/usr/lib/java/liblibtcnative-1.
Event: 2.496 Attempting to load shared library /Users/thediogoribeiro/dev/rucoplan/liblibtcnative-1.dylib
Event: 2.496 Loading shared library /Users/thediogoribeiro/dev/rucoplan/liblibtcnative-1.dylib failed, dlopen(/Users/thediogoribeiro/dev/rucoplan/liblibtcnative-1.dylib, 0x0001): tried: '/Users/thediogoribeiro/dev/rucoplan/liblibtcnative-1.dylib' (no such file), '/Sys
Event: 2.496 Attempting to load shared library /Users/thediogoribeiro/dev/rucoplan/liblibtcnative-1.jnilib
Event: 2.496 Loading shared library /Users/thediogoribeiro/dev/rucoplan/liblibtcnative-1.jnilib failed, dlopen(/Users/thediogoribeiro/dev/rucoplan/liblibtcnative-1.jnilib, 0x0001): tried: '/Users/thediogoribeiro/dev/rucoplan/liblibtcnative-1.jnilib' (no such file), '/
Event: 2.852 Attempting to load shared library /usr/local/Cellar/openjdk/26.0.2/libexec/openjdk.jdk/Contents/Home/lib/libmanagement.dylib
Event: 2.855 Loaded shared library /usr/local/Cellar/openjdk/26.0.2/libexec/openjdk.jdk/Contents/Home/lib/libmanagement.dylib
Event: 2.857 Attempting to load shared library /usr/local/Cellar/openjdk/26.0.2/libexec/openjdk.jdk/Contents/Home/lib/libmanagement_ext.dylib
Event: 2.861 Loaded shared library /usr/local/Cellar/openjdk/26.0.2/libexec/openjdk.jdk/Contents/Home/lib/libmanagement_ext.dylib
Event: 3.532 Attempting to load shared library /usr/local/Cellar/openjdk/26.0.2/libexec/openjdk.jdk/Contents/Home/lib/libextnet.dylib
Event: 3.534 Loaded shared library /usr/local/Cellar/openjdk/26.0.2/libexec/openjdk.jdk/Contents/Home/lib/libextnet.dylib
Event: 4.240 Attempting to load shared library /usr/local/Cellar/openjdk/26.0.2/libexec/openjdk.jdk/Contents/Home/lib/libverify.dylib
Event: 4.240 Loaded shared library /usr/local/Cellar/openjdk/26.0.2/libexec/openjdk.jdk/Contents/Home/lib/libverify.dylib

Deoptimization events (20 events):
Event: 1.991 Thread 0x00007f7f40008800 DEOPT PACKING pc=0x0000000114a0023c sp=0x000070000400a7f0
Event: 1.991 Thread 0x00007f7f40008800 DEOPT UNPACKING pc=0x000000011466b2ef sp=0x0000700004009d08 mode 0
Event: 2.413 Thread 0x00007f7f40008800 DEOPT PACKING pc=0x0000000114dea117 sp=0x0000700004009410
Event: 2.413 Thread 0x00007f7f40008800 DEOPT UNPACKING pc=0x000000011466b2ef sp=0x00007000040089d8 mode 0
Event: 3.129 Thread 0x00007f7f40008800 DEOPT PACKING pc=0x0000000114c262ea sp=0x0000700004008bd0
Event: 3.129 Thread 0x00007f7f40008800 DEOPT UNPACKING pc=0x000000011466b2ef sp=0x0000700004008108 mode 3
Event: 3.129 Thread 0x00007f7f40008800 DEOPT PACKING pc=0x0000000114c00b02 sp=0x0000700004008ba0
Event: 3.129 Thread 0x00007f7f40008800 DEOPT UNPACKING pc=0x000000011466b2ef sp=0x0000700004008108 mode 3
Event: 3.201 Thread 0x00007f7f412a2000 DEOPT PACKING pc=0x0000000114adcc58 sp=0x0000700005d665e0
Event: 3.201 Thread 0x00007f7f412a2000 DEOPT UNPACKING pc=0x000000011466b2ef sp=0x0000700005d65a58 mode 3
Event: 3.201 Thread 0x00007f7f42bf4e00 DEOPT PACKING pc=0x0000000114ae29de sp=0x0000700005e695d0
Event: 3.201 Thread 0x00007f7f42bf4e00 DEOPT UNPACKING pc=0x000000011466b2ef sp=0x0000700005e68a88 mode 3
Event: 5.987 Thread 0x00007f7f40008800 DEOPT PACKING pc=0x000000011518dccf sp=0x000070000400b6d0
Event: 5.987 Thread 0x00007f7f40008800 DEOPT UNPACKING pc=0x000000011466b2ef sp=0x000070000400abd0 mode 3
Event: 6.086 Thread 0x00007f7f40008800 DEOPT PACKING pc=0x00000001151c6f6c sp=0x000070000400ab40
Event: 6.086 Thread 0x00007f7f40008800 DEOPT UNPACKING pc=0x000000011466b2ef sp=0x000070000400a0e8 mode 0
Event: 6.434 Thread 0x00007f7f40008800 DEOPT PACKING pc=0x0000000114af9bb4 sp=0x000070000400a6e0
Event: 6.434 Thread 0x00007f7f40008800 DEOPT UNPACKING pc=0x000000011466b2ef sp=0x0000700004009c58 mode 0
Event: 15.565 Thread 0x00007f7f419e5600 DEOPT PACKING pc=0x00000001155f80d7 sp=0x0000700006d926c0
Event: 15.565 Thread 0x00007f7f419e5600 DEOPT UNPACKING pc=0x000000011466b2ef sp=0x0000700006d91c78 mode 3

Classes loaded (20 events):
Event: 109.947 Loading class sun/net/www/http/Hurryable done
Event: 109.947 Loading class sun/net/www/MeteredStream
Event: 109.948 Loading class sun/net/www/MeteredStream done
Event: 109.948 Loading class sun/net/www/http/KeepAliveStream done
Event: 109.948 Loading class sun/net/www/http/KeepAliveStreamCleaner
Event: 109.948 Loading class sun/net/www/http/KeepAliveStreamCleaner done
Event: 109.952 Loading class sun/net/www/protocol/http/HttpURLConnection$HttpInputStream
Event: 109.952 Loading class sun/net/www/protocol/http/HttpURLConnection$HttpInputStream done
Event: 109.952 Loading class java/io/OutputStream$1
Event: 109.952 Loading class java/io/OutputStream$1 done
Event: 109.953 Loading class sun/net/www/http/KeepAliveCache$ClientVector
Event: 109.953 Loading class sun/net/www/http/KeepAliveCache$ClientVector done
Event: 109.953 Loading class sun/net/www/http/KeepAliveEntry
Event: 109.953 Loading class sun/net/www/http/KeepAliveEntry done
Event: 114.956 Loading class sun/security/ssl/Alert
Event: 114.957 Loading class sun/security/ssl/Alert done
Event: 114.958 Loading class sun/security/ssl/Alert$AlertConsumer
Event: 114.958 Loading class sun/security/ssl/Alert$AlertConsumer done
Event: 114.958 Loading class sun/security/ssl/Alert$Level
Event: 114.958 Loading class sun/security/ssl/Alert$Level done

Classes unloaded (0 events):
No events

Classes redefined (0 events):
No events

Internal exceptions (20 events):
Event: 10.638 Thread 0x00007f7f40008800 Exception <a 'java/lang/NoSuchMethodError'{0x0000000716df8040}: 'java.lang.Object java.lang.invoke.DirectMethodHandle$Holder.invokeInterface(java.lang.Object, java.lang.Object, int)'> (0x0000000716df8040) 
thrown [src/hotspot/share/interpreter/linkResolver.cpp, line 804]
Event: 10.639 Thread 0x00007f7f40008800 Exception <a 'java/lang/IncompatibleClassChangeError'{0x0000000716a11b30}: Found class java.lang.Object, but interface was expected> (0x0000000716a11b30) 
thrown [src/hotspot/share/interpreter/linkResolver.cpp, line 871]
Event: 10.756 Thread 0x00007f7f40008800 Exception <a 'java/lang/NoSuchMethodError'{0x0000000716986a48}: 'double java.lang.invoke.DirectMethodHandle$Holder.invokeSpecial(java.lang.Object, java.lang.Object)'> (0x0000000716986a48) 
thrown [src/hotspot/share/interpreter/linkResolver.cpp, line 804]
Event: 10.778 Thread 0x00007f7f40008800 Exception <a 'java/lang/IncompatibleClassChangeError'{0x00000007166b3bc8}: Found class java.lang.Object, but interface was expected> (0x00000007166b3bc8) 
thrown [src/hotspot/share/interpreter/linkResolver.cpp, line 871]
Event: 10.793 Thread 0x00007f7f40008800 Exception <a 'java/lang/NoSuchMethodError'{0x000000071674f1d8}: 'void java.lang.invoke.DirectMethodHandle$Holder.invokeVirtual(java.lang.Object, java.lang.Object, java.lang.Object, java.lang.Object, java.lang.Object, java.lang.Object, java.lang.Object)'> (0x000000071674f1d8) 
thrown [src/hotspot/share/interpreter/linkResolver.cpp, line 804]
Event: 10.793 Thread 0x00007f7f40008800 Exception <a 'java/lang/NoSuchMethodError'{0x0000000716757ea0}: 'void java.lang.invoke.DelegatingMethodHandle$Holder.reinvoke_L(java.lang.Object, java.lang.Object, java.lang.Object, java.lang.Object, java.lang.Object, java.lang.Object, java.lang.Object)'> (0x0000000716757ea0) 
thrown [src/hotspot/share/interpreter/linkResolver.cpp, line 804]
Event: 10.796 Thread 0x00007f7f40008800 Exception <a 'java/lang/NoSuchMethodError'{0x00000007167cbcf0}: 'java.lang.Object java.lang.invoke.DirectMethodHandle$Holder.invokeInterface(java.lang.Object, java.lang.Object, java.lang.Object, java.lang.Object, java.lang.Object)'> (0x00000007167cbcf0) 
thrown [src/hotspot/share/interpreter/linkResolver.cpp, line 804]
Event: 10.889 Thread 0x00007f7f40008800 Exception <a 'java/lang/NoSuchMethodError'{0x0000000716588620}: 'java.lang.Object java.lang.invoke.DirectMethodHandle$Holder.newInvokeSpecial(java.lang.Object, java.lang.Object, int, java.lang.Object, java.lang.Object, java.lang.Object)'> (0x0000000716588620) 
thrown [src/hotspot/share/interpreter/linkResolver.cpp, line 804]
Event: 10.889 Thread 0x00007f7f40008800 Exception <a 'java/lang/NoSuchMethodError'{0x00000007165990a0}: 'java.lang.Object java.lang.invoke.Invokers$Holder.linkToTargetMethod(java.lang.Object, int, java.lang.Object, java.lang.Object, java.lang.Object, java.lang.Object)'> (0x00000007165990a0) 
thrown [src/hotspot/share/interpreter/linkResolver.cpp, line 804]
Event: 10.890 Thread 0x00007f7f40008800 Exception <a 'java/lang/NoSuchMethodError'{0x00000007165b2cc0}: 'int java.lang.invoke.DirectMethodHandle$Holder.invokeStatic(java.lang.Object, java.lang.Object, int, java.lang.Object)'> (0x00000007165b2cc0) 
thrown [src/hotspot/share/interpreter/linkResolver.cpp, line 804]
Event: 11.147 Thread 0x00007f7f40008800 Exception <a 'java/lang/NoSuchMethodError'{0x0000000716e92f50}: 'java.lang.Object java.lang.invoke.DelegatingMethodHandle$Holder.reinvoke_L(java.lang.Object, java.lang.Object, int, int, int)'> (0x0000000716e92f50) 
thrown [src/hotspot/share/interpreter/linkResolver.cpp, line 804]
Event: 15.093 Thread 0x00007f7f4323b600 Exception <a 'java/lang/NoSuchMethodError'{0x00000007163cb050}: 'java.lang.Object java.lang.invoke.DirectMethodHandle$Holder.invokeSpecial(java.lang.Object, java.lang.Object, java.lang.Object, java.lang.Object, java.lang.Object, long)'> (0x00000007163cb050) 
thrown [src/hotspot/share/interpreter/linkResolver.cpp, line 804]
Event: 15.094 Thread 0x00007f7f4323b600 Exception <a 'java/lang/NoSuchMethodError'{0x00000007163d39b8}: 'java.lang.Object java.lang.invoke.DirectMethodHandle$Holder.invokeSpecial(java.lang.Object, java.lang.Object, java.lang.Object, java.lang.Object, java.lang.Object, java.lang.Object, long)'> (0x00000007163d39b8) 
thrown [src/hotspot/share/interpreter/linkResolver.cpp, line 804]
Event: 15.094 Thread 0x00007f7f4323b600 Exception <a 'java/lang/NoSuchMethodError'{0x00000007163dbd68}: 'java.lang.Object java.lang.invoke.DelegatingMethodHandle$Holder.reinvoke_L(java.lang.Object, java.lang.Object, java.lang.Object, java.lang.Object, java.lang.Object, long)'> (0x00000007163dbd68) 
thrown [src/hotspot/share/interpreter/linkResolver.cpp, line 804]
Event: 15.094 Thread 0x00007f7f4323b600 Exception <a 'java/lang/NoSuchMethodError'{0x00000007163ec180}: 'java.lang.Object java.lang.invoke.Invokers$Holder.linkToTargetMethod(java.lang.Object, java.lang.Object, java.lang.Object, long, java.lang.Object)'> (0x00000007163ec180) 
thrown [src/hotspot/share/interpreter/linkResolver.cpp, line 804]
Event: 15.165 Thread 0x00007f7f4323b600 Exception <a 'java/lang/NoSuchMethodError'{0x00000007161a9890}: 'java.lang.Object java.lang.invoke.DirectMethodHandle$Holder.invokeStatic(java.lang.Object, int, int)'> (0x00000007161a9890) 
thrown [src/hotspot/share/interpreter/linkResolver.cpp, line 804]
Event: 20.999 Thread 0x00007f7f419e4e00 Exception <a 'java/lang/NoSuchMethodError'{0x0000000713d8caa8}: 'java.lang.Object java.lang.invoke.DelegatingMethodHandle$Holder.reinvoke_L(java.lang.Object, java.lang.Object, java.lang.Object, java.lang.Object, java.lang.Object, java.lang.Object, int, int)'> (0x0000000713d8caa8) 
thrown [src/hotspot/share/interpreter/linkResolver.cpp, line 804]
Event: 21.015 Thread 0x00007f7f419e5600 Exception <a 'java/lang/NoSuchMethodError'{0x0000000713a41bb0}: 'java.lang.Object java.lang.invoke.DirectMethodHandle$Holder.invokeVirtual(java.lang.Object, java.lang.Object, int, int)'> (0x0000000713a41bb0) 
thrown [src/hotspot/share/interpreter/linkResolver.cpp, line 804]
Event: 21.016 Thread 0x00007f7f419e5600 Exception <a 'java/lang/NoSuchMethodError'{0x0000000713a5c3d8}: 'java.lang.Object java.lang.invoke.DirectMethodHandle$Holder.invokeVirtual(java.lang.Object, java.lang.Object, java.lang.Object, int, int)'> (0x0000000713a5c3d8) 
thrown [src/hotspot/share/interpreter/linkResolver.cpp, line 804]
Event: 109.742 Thread 0x00007f7f429a7c00 Exception <a 'java/lang/NoSuchMethodError'{0x000000071260dba0}: 'java.lang.Object java.lang.invoke.Invokers$Holder.invoke_MT(java.lang.Object, java.lang.Object, java.lang.Object, java.lang.Object, java.lang.Object, java.lang.Object)'> (0x000000071260dba0) 
thrown [src/hotspot/share/interpreter/linkResolver.cpp, line 804]

VM Operations (20 events):
Event: 98.402 Executing non-safepoint VM operation: HandshakeAllThreads (G1 Java Thread CT swap)
Event: 98.402 Executing non-safepoint VM operation: HandshakeAllThreads (G1 Java Thread CT swap) done
Event: 98.402 Executing non-safepoint VM operation: G1RendezvousGCThreads
Event: 98.402 Executing non-safepoint VM operation: G1RendezvousGCThreads done
Event: 109.434 Executing non-safepoint VM operation: HandshakeAllThreads (Deoptimize)
Event: 109.434 Executing non-safepoint VM operation: HandshakeAllThreads (Deoptimize) done
Event: 109.557 Executing non-safepoint VM operation: HandshakeAllThreads (Deoptimize)
Event: 109.557 Executing non-safepoint VM operation: HandshakeAllThreads (Deoptimize) done
Event: 109.951 Executing non-safepoint VM operation: HandshakeAllThreads (Deoptimize)
Event: 109.951 Executing non-safepoint VM operation: HandshakeAllThreads (Deoptimize) done
Event: 120.207 Executing non-safepoint VM operation: HandshakeAllThreads (DeflationHandshakeClosure)
Event: 120.207 Executing non-safepoint VM operation: HandshakeAllThreads (DeflationHandshakeClosure) done
Event: 120.207 Executing non-safepoint VM operation: RendezvousGCThreads
Event: 120.207 Executing non-safepoint VM operation: RendezvousGCThreads done
Event: 180.447 Executing non-safepoint VM operation: HandshakeAllThreads (DeflationHandshakeClosure)
Event: 180.447 Executing non-safepoint VM operation: HandshakeAllThreads (DeflationHandshakeClosure) done
Event: 180.447 Executing non-safepoint VM operation: RendezvousGCThreads
Event: 180.447 Executing non-safepoint VM operation: RendezvousGCThreads done
Event: 273.385 Executing safepoint VM operation: G1TryInitiateConcMark (CodeCache GC Threshold)
Event: 273.397 Executing safepoint VM operation: G1TryInitiateConcMark (CodeCache GC Threshold) done

Memory protections (20 events):
Event: 16.380 Protecting memory [0x000070000534c000,0x0000700005350000] with protection modes 3
Event: 16.380 Protecting memory [0x0000700005249000,0x000070000524d000] with protection modes 3
Event: 20.443 Protecting memory [0x0000700005249000,0x000070000524d000] with protection modes 0
Event: 20.443 Protecting memory [0x000070000534c000,0x0000700005350000] with protection modes 0
Event: 24.118 Protecting memory [0x000070000534c000,0x0000700005350000] with protection modes 3
Event: 25.120 Protecting memory [0x0000700005249000,0x000070000524d000] with protection modes 3
Event: 25.120 Protecting memory [0x0000700005146000,0x000070000514a000] with protection modes 3
Event: 109.621 Protecting memory [0x0000700005146000,0x000070000514a000] with protection modes 0
Event: 109.810 Protecting memory [0x0000700005249000,0x000070000524d000] with protection modes 0
Event: 109.810 Protecting memory [0x0000700005249000,0x000070000524d000] with protection modes 3
Event: 109.953 Protecting memory [0x0000700005249000,0x000070000524d000] with protection modes 0
Event: 113.968 Protecting memory [0x0000700005146000,0x000070000514a000] with protection modes 3
Event: 119.967 Protecting memory [0x0000700005249000,0x000070000524d000] with protection modes 3
Event: 138.434 Protecting memory [0x0000700005146000,0x000070000514a000] with protection modes 0
Event: 138.558 Protecting memory [0x0000700005249000,0x000070000524d000] with protection modes 0
Event: 148.120 Protecting memory [0x0000700005249000,0x000070000524d000] with protection modes 3
Event: 153.120 Protecting memory [0x0000700005146000,0x000070000514a000] with protection modes 3
Event: 273.197 Protecting memory [0x0000700005146000,0x000070000514a000] with protection modes 0
Event: 273.197 Protecting memory [0x0000700005249000,0x000070000524d000] with protection modes 0
Event: 273.329 Protecting memory [0x000070000534c000,0x0000700005350000] with protection modes 0

Nmethod flushes (20 events):
Event: 11.085 Thread 0x00007f7f40a05110 flushing  nmethod 0x0000000114f32b88
Event: 11.085 Thread 0x00007f7f40a05110 flushing  nmethod 0x0000000114f63908
Event: 11.085 Thread 0x00007f7f40a05110 flushing  nmethod 0x0000000114fb3e08
Event: 11.085 Thread 0x00007f7f40a05110 flushing  nmethod 0x0000000114fb5908
Event: 11.085 Thread 0x00007f7f40a05110 flushing  nmethod 0x0000000114fb6388
Event: 11.085 Thread 0x00007f7f40a05110 flushing  nmethod 0x0000000114fdc908
Event: 11.085 Thread 0x00007f7f40a05110 flushing  nmethod 0x0000000114c82f08
Event: 11.085 Thread 0x00007f7f40a05110 flushing  nmethod 0x0000000114d3b088
Event: 11.085 Thread 0x00007f7f40a05110 flushing  nmethod 0x0000000114e4be08
Event: 11.085 Thread 0x00007f7f40a05110 flushing  nmethod 0x0000000114e4c108
Event: 11.085 Thread 0x00007f7f40a05110 flushing  nmethod 0x0000000114f86608
Event: 11.085 Thread 0x00007f7f40a05110 flushing  nmethod 0x0000000114f8ad08
Event: 11.085 Thread 0x00007f7f40a05110 flushing  nmethod 0x0000000114febb08
Event: 11.085 Thread 0x00007f7f40a05110 flushing  nmethod 0x0000000114febe08
Event: 11.085 Thread 0x00007f7f40a05110 flushing  nmethod 0x0000000114aa0d08
Event: 11.085 Thread 0x00007f7f40a05110 flushing  nmethod 0x0000000114cca888
Event: 11.085 Thread 0x00007f7f40a05110 flushing  nmethod 0x0000000114ccab88
Event: 11.085 Thread 0x00007f7f40a05110 flushing  nmethod 0x0000000114f24088
Event: 11.085 Thread 0x00007f7f40a05110 flushing  nmethod 0x0000000114f6fc08
Event: 11.085 Thread 0x00007f7f40a05110 flushing  nmethod 0x0000000114ff8808

Events (20 events):
Event: 16.380 Thread 0x00007f7f4180ec00 Thread exited: 0x00007f7f4180ec00
Event: 16.380 Thread 0x00007f7f4180c000 Thread exited: 0x00007f7f4180c000
Event: 20.443 Thread 0x00007f7f40017e00 Thread added: 0x00007f7f431fe000
Event: 20.443 Thread 0x00007f7f40017e00 Thread added: 0x00007f7f431fea00
Event: 24.118 Thread 0x00007f7f431fea00 Thread exited: 0x00007f7f431fea00
Event: 25.120 Thread 0x00007f7f431fe000 Thread exited: 0x00007f7f431fe000
Event: 25.120 Thread 0x00007f7f43041000 Thread exited: 0x00007f7f43041000
Event: 109.621 Thread 0x00007f7f40017e00 Thread added: 0x00007f7f41152800
Event: 109.810 Thread 0x00007f7f429a7c00 Thread added: 0x00007f7f419abc00
Event: 109.810 Thread 0x00007f7f419abc00 Thread exited: 0x00007f7f419abc00
Event: 109.953 Thread 0x00007f7f429a7c00 Thread added: 0x00007f7f431fe000
Event: 113.968 Thread 0x00007f7f41152800 Thread exited: 0x00007f7f41152800
Event: 119.967 Thread 0x00007f7f431fe000 Thread exited: 0x00007f7f431fe000
Event: 138.434 Thread 0x00007f7f40017e00 Thread added: 0x00007f7f40028e00
Event: 138.558 Thread 0x00007f7f40028e00 Thread added: 0x00007f7f4197ee00
Event: 148.120 Thread 0x00007f7f4197ee00 Thread exited: 0x00007f7f4197ee00
Event: 153.120 Thread 0x00007f7f40028e00 Thread exited: 0x00007f7f40028e00
Event: 273.197 Thread 0x00007f7f40017e00 Thread added: 0x00007f7f4315b200
Event: 273.197 Thread 0x00007f7f40017e00 Thread added: 0x00007f7f41356800
Event: 273.329 Thread 0x00007f7f41356800 Thread added: 0x00007f7f41360000


Dynamic libraries:
0x0000000108e6a000 	/usr/local/Cellar/openjdk/26.0.2/libexec/openjdk.jdk/Contents/Home/lib/libjli.dylib
0x00007ff8147eb000 	/usr/lib/libz.1.dylib
0x00007ff8148cd000 	/usr/lib/libSystem.B.dylib
0x00007ff8148c7000 	/usr/lib/system/libcache.dylib
0x00007ff814883000 	/usr/lib/system/libcommonCrypto.dylib
0x00007ff8148ab000 	/usr/lib/system/libcompiler_rt.dylib
0x00007ff8148a0000 	/usr/lib/system/libcopyfile.dylib
0x00007ff80737f000 	/usr/lib/system/libcorecrypto.dylib
0x00007ff807476000 	/usr/lib/system/libdispatch.dylib
0x00007ff807620000 	/usr/lib/system/libdyld.dylib
0x00007ff8148bd000 	/usr/lib/system/libkeymgr.dylib
0x00007ff814864000 	/usr/lib/system/libmacho.dylib
0x00007ff813b97000 	/usr/lib/system/libquarantine.dylib
0x00007ff8148bb000 	/usr/lib/system/libremovefile.dylib
0x00007ff80ccbe000 	/usr/lib/system/libsystem_asl.dylib
0x00007ff807319000 	/usr/lib/system/libsystem_blocks.dylib
0x00007ff8074c0000 	/usr/lib/system/libsystem_c.dylib
0x00007ff8148b3000 	/usr/lib/system/libsystem_collections.dylib
0x00007ff812b97000 	/usr/lib/system/libsystem_configuration.dylib
0x00007ff811bbd000 	/usr/lib/system/libsystem_containermanager.dylib
0x00007ff8144b9000 	/usr/lib/system/libsystem_coreservices.dylib
0x00007ff80a879000 	/usr/lib/system/libsystem_darwin.dylib
0x00007ffc209fd000 	/usr/lib/system/libsystem_darwindirectory.dylib
0x00007ff8148be000 	/usr/lib/system/libsystem_dnssd.dylib
0x00007ffc20a01000 	/usr/lib/system/libsystem_eligibility.dylib
0x00007ff8074bd000 	/usr/lib/system/libsystem_featureflags.dylib
0x00007ff807650000 	/usr/lib/system/libsystem_info.dylib
0x00007ff8147ff000 	/usr/lib/system/libsystem_m.dylib
0x00007ff807436000 	/usr/lib/system/libsystem_malloc.dylib
0x00007ff80cc32000 	/usr/lib/system/libsystem_networkextension.dylib
0x00007ff80acc5000 	/usr/lib/system/libsystem_notify.dylib
0x00007ff812b9b000 	/usr/lib/system/libsystem_sandbox.dylib
0x00007ffc20a04000 	/usr/lib/system/libsystem_sanitizers.dylib
0x00007ff8148b8000 	/usr/lib/system/libsystem_secinit.dylib
0x00007ff8075d9000 	/usr/lib/system/libsystem_kernel.dylib
0x00007ff807645000 	/usr/lib/system/libsystem_platform.dylib
0x00007ff807614000 	/usr/lib/system/libsystem_pthread.dylib
0x00007ff80e865000 	/usr/lib/system/libsystem_symptoms.dylib
0x00007ff807365000 	/usr/lib/system/libsystem_trace.dylib
0x00007ff81488f000 	/usr/lib/system/libunwind.dylib
0x00007ff80731d000 	/usr/lib/system/libxpc.dylib
0x00007ff8075c3000 	/usr/lib/libc++abi.dylib
0x00007ff807246000 	/usr/lib/libobjc.A.dylib
0x00007ff814898000 	/usr/lib/liboah.dylib
0x00007ff807548000 	/usr/lib/libc++.1.dylib
0x00007ff82001a000 	/System/Library/Frameworks/ApplicationServices.framework/Versions/A/ApplicationServices
0x00007ff80d157000 	/System/Library/Frameworks/CoreGraphics.framework/Versions/A/CoreGraphics
0x00007ff8098fa000 	/System/Library/Frameworks/CoreText.framework/Versions/A/CoreText
0x00007ff8123d9000 	/System/Library/Frameworks/ImageIO.framework/Versions/A/ImageIO
0x00007ff80d914000 	/System/Library/Frameworks/ColorSync.framework/Versions/A/ColorSync
0x00007ff8184d6000 	/System/Library/Frameworks/ApplicationServices.framework/Versions/A/Frameworks/ATS.framework/Versions/A/ATS
0x00007ff81c319000 	/System/Library/Frameworks/CoreServices.framework/Versions/A/CoreServices
0x00007ff80dac0000 	/System/Library/Frameworks/ApplicationServices.framework/Versions/A/Frameworks/HIServices.framework/Versions/A/HIServices
0x00007ff8171ce000 	/System/Library/Frameworks/ApplicationServices.framework/Versions/A/Frameworks/PrintCore.framework/Versions/A/PrintCore
0x00007ff8188ad000 	/System/Library/Frameworks/ApplicationServices.framework/Versions/A/Frameworks/QD.framework/Versions/A/QD
0x00007ff8188a6000 	/System/Library/Frameworks/ApplicationServices.framework/Versions/A/Frameworks/ColorSyncLegacy.framework/Versions/A/ColorSyncLegacy
0x00007ff8184ac000 	/System/Library/Frameworks/ApplicationServices.framework/Versions/A/Frameworks/SpeechSynthesis.framework/Versions/A/SpeechSynthesis
0x00007ff80ccf3000 	/System/Library/PrivateFrameworks/SkyLight.framework/Versions/A/SkyLight
0x00007ff8148d2000 	/System/Library/PrivateFrameworks/SoftLinking.framework/Versions/A/SoftLinking
0x00007ff80a5d8000 	/usr/lib/libicucore.A.dylib
0x00007ff80f50f000 	/System/Library/PrivateFrameworks/CoreAnalytics.framework/Versions/A/CoreAnalytics
0x00007ff811f8d000 	/System/Library/PrivateFrameworks/FontServices.framework/libFontParser.dylib
0x00007ff81c5e1000 	/System/Library/Frameworks/Accelerate.framework/Versions/A/Accelerate
0x00007ff811be7000 	/System/Library/Frameworks/IOSurface.framework/Versions/A/IOSurface
0x00007ff8103d0000 	/usr/lib/libxml2.2.dylib
0x00007ff80c886000 	/System/Library/Frameworks/CFNetwork.framework/Versions/A/CFNetwork
0x00007ff80767c000 	/System/Library/Frameworks/CoreFoundation.framework/Versions/A/CoreFoundation
0x00007ff80864e000 	/System/Library/Frameworks/Foundation.framework/Versions/C/Foundation
0x00007ff80e787000 	/System/Library/PrivateFrameworks/RunningBoardServices.framework/Versions/A/RunningBoardServices
0x00007ff80cc4c000 	/usr/lib/libMobileGestalt.dylib
0x00007ff80ccd5000 	/System/Library/PrivateFrameworks/TCC.framework/Versions/A/TCC
0x00007ff822f20000 	/System/Library/PrivateFrameworks/IOSurfaceAccelerator.framework/Versions/A/IOSurfaceAccelerator
0x00007ff816a62000 	/System/Library/PrivateFrameworks/WatchdogClient.framework/Versions/A/WatchdogClient
0x00007ff814a6c000 	/usr/lib/libcompression.dylib
0x00007ff80f53b000 	/usr/lib/libDiagnosticMessagesClient.dylib
0x00007ff8082fc000 	/System/Library/Frameworks/SystemConfiguration.framework/Versions/A/SystemConfiguration
0x00007ff809453000 	/System/Library/Frameworks/CoreDisplay.framework/Versions/A/CoreDisplay
0x00007ff8138bd000 	/System/Library/PrivateFrameworks/IOMobileFramebuffer.framework/Versions/A/IOMobileFramebuffer
0x00007ff811e5b000 	/System/Library/Frameworks/CoreMedia.framework/Versions/A/CoreMedia
0x00007ff811bfd000 	/System/Library/PrivateFrameworks/IOAccelerator.framework/Versions/A/IOAccelerator
0x00007ff80ac01000 	/System/Library/Frameworks/IOKit.framework/Versions/A/IOKit
0x00007ff811c06000 	/System/Library/Frameworks/Metal.framework/Versions/A/Metal
0x00007ff8104b0000 	/System/Library/Frameworks/CoreVideo.framework/Versions/A/CoreVideo
0x00007ff814a64000 	/System/Library/Frameworks/MetalPerformanceShaders.framework/Versions/A/MetalPerformanceShaders
0x00007ff816a64000 	/System/Library/PrivateFrameworks/MultitouchSupport.framework/Versions/A/MultitouchSupport
0x00007ff80a22d000 	/System/Library/Frameworks/Security.framework/Versions/A/Security
0x00007ff80fcdf000 	/System/Library/Frameworks/QuartzCore.framework/Versions/A/QuartzCore
0x00007ff813bbc000 	/usr/lib/libbsm.0.dylib
0x00007ff816aa1000 	/System/Library/Frameworks/VideoToolbox.framework/Versions/A/VideoToolbox
0x00007ff81053d000 	/System/Library/PrivateFrameworks/UserManagement.framework/Versions/A/UserManagement
0x00007ff80e6b0000 	/System/Library/PrivateFrameworks/BaseBoard.framework/Versions/A/BaseBoard
0x00007ff81034f000 	/System/Library/Frameworks/CoreServices.framework/Versions/A/Frameworks/FSEvents.framework/Versions/A/FSEvents
0x00007ff80a884000 	/System/Library/Frameworks/CoreServices.framework/Versions/A/Frameworks/CarbonCore.framework/Versions/A/CarbonCore
0x00007ff80f583000 	/System/Library/Frameworks/CoreServices.framework/Versions/A/Frameworks/Metadata.framework/Versions/A/Metadata
0x00007ff8144c0000 	/System/Library/Frameworks/CoreServices.framework/Versions/A/Frameworks/OSServices.framework/Versions/A/OSServices
0x00007ff8149aa000 	/System/Library/Frameworks/CoreServices.framework/Versions/A/Frameworks/SearchKit.framework/Versions/A/SearchKit
0x00007ff80e7ea000 	/System/Library/Frameworks/CoreServices.framework/Versions/A/Frameworks/AE.framework/Versions/A/AE
0x00007ff807b17000 	/System/Library/Frameworks/CoreServices.framework/Versions/A/Frameworks/LaunchServices.framework/Versions/A/LaunchServices
0x00007ff815e85000 	/System/Library/Frameworks/CoreServices.framework/Versions/A/Frameworks/DictionaryServices.framework/Versions/A/DictionaryServices
0x00007ff81035c000 	/System/Library/Frameworks/CoreServices.framework/Versions/A/Frameworks/SharedFileList.framework/Versions/A/SharedFileList
0x00007ff814a35000 	/usr/lib/libapple_nghttp2.dylib
0x00007ff80e456000 	/usr/lib/libsqlite3.dylib
0x00007ff80e86d000 	/System/Library/Frameworks/Network.framework/Versions/A/Network
0x00007ff80ab7f000 	/System/Library/PrivateFrameworks/CoreServicesInternal.framework/Versions/A/CoreServicesInternal
0x00007ff8148cf000 	/usr/lib/libfakelink.dylib
0x00007ff80cc4b000 	/usr/lib/libenergytrace.dylib
0x00007ff81486a000 	/usr/lib/system/libkxld.dylib
0x00007ff810387000 	/System/Library/PrivateFrameworks/CoreAutoLayout.framework/Versions/A/CoreAutoLayout
0x00007ff80f61b000 	/System/Library/Frameworks/DiskArbitration.framework/Versions/A/DiskArbitration
0x00007ff814921000 	/usr/lib/libarchive.2.dylib
0x00007ff812ba8000 	/usr/lib/liblangid.dylib
0x00007ff81a18d000 	/System/Library/Frameworks/Combine.framework/Versions/A/Combine
0x00007ffb15c17000 	/System/Library/PrivateFrameworks/CollectionsInternal.framework/Versions/A/CollectionsInternal
0x00007ffc0b1b7000 	/System/Library/PrivateFrameworks/ReflectionInternal.framework/Versions/A/ReflectionInternal
0x00007ffc0b737000 	/System/Library/PrivateFrameworks/RuntimeInternal.framework/Versions/A/RuntimeInternal
0x00007ff817d14000 	/usr/lib/swift/libswiftCore.dylib
0x00007ff90df4e000 	/usr/lib/swift/libswiftCoreFoundation.dylib
0x00007ff90bbab000 	/usr/lib/swift/libswiftDarwin.dylib
0x00007ff81dc8c000 	/usr/lib/swift/libswiftDispatch.dylib
0x00007ff90df8e000 	/usr/lib/swift/libswiftIOKit.dylib
0x00007ff820486000 	/usr/lib/swift/libswiftObjectiveC.dylib
0x00007ff90df5e000 	/usr/lib/swift/libswiftXPC.dylib
0x00007ffc206cf000 	/usr/lib/swift/libswift_Concurrency.dylib
0x00007ffc2080a000 	/usr/lib/swift/libswift_StringProcessing.dylib
0x00007ff82048a000 	/usr/lib/swift/libswiftos.dylib
0x00007ff812ba3000 	/System/Library/PrivateFrameworks/AppleSystemInfo.framework/Versions/A/AppleSystemInfo
0x00007ff8148d3000 	/usr/lib/libpcap.A.dylib
0x00007ff80e85b000 	/usr/lib/libdns_services.dylib
0x00007ff80e43d000 	/System/Library/PrivateFrameworks/ProtocolBuffer.framework/Versions/A/ProtocolBuffer
0x00007ff815ef3000 	/usr/lib/libcoretls_cfhelpers.dylib
0x00007ff80c885000 	/usr/lib/libnetwork.dylib
0x00007ff815ed4000 	/usr/lib/liblzma.5.dylib
0x00007ff813ba4000 	/usr/lib/libcoretls.dylib
0x00007ffc1f07f000 	/usr/lib/libCoreEntitlements.dylib
0x00007ffb267f3000 	/System/Library/PrivateFrameworks/MessageSecurity.framework/Versions/A/MessageSecurity
0x00007ff8143dc000 	/System/Library/PrivateFrameworks/AppleFSCompression.framework/Versions/A/AppleFSCompression
0x00007ff814a66000 	/usr/lib/libpam.2.dylib
0x00007ff815f6c000 	/usr/lib/libxar.1.dylib
0x00007ff816464000 	/usr/lib/libheimdal-asn1.dylib
0x00007ff8144aa000 	/usr/lib/libbz2.1.0.dylib
0x00007ffc2075c000 	/usr/lib/swift/libswift_RegexParser.dylib
0x00007ff814909000 	/usr/lib/libiconv.2.dylib
0x00007ff814863000 	/usr/lib/libcharset.1.dylib
0x00007ff813b9a000 	/usr/lib/libCheckFix.dylib
0x00007ff812baa000 	/System/Library/PrivateFrameworks/CoreNLP.framework/Versions/A/CoreNLP
0x00007ff80f53d000 	/System/Library/PrivateFrameworks/MetadataUtilities.framework/Versions/A/MetadataUtilities
0x00007ff813bcc000 	/usr/lib/libmecab.dylib
0x00007ff808384000 	/usr/lib/libCRFSuite.dylib
0x00007ff813c25000 	/usr/lib/libgermantok.dylib
0x00007ff814a10000 	/usr/lib/libThaiTokenizer.dylib
0x00007ff80f623000 	/System/Library/Frameworks/Accelerate.framework/Versions/A/Frameworks/vImage.framework/Versions/A/vImage
0x00007ff81c2ef000 	/System/Library/Frameworks/Accelerate.framework/Versions/A/Frameworks/vecLib.framework/Versions/A/vecLib
0x00007ff815faf000 	/System/Library/Frameworks/Accelerate.framework/Versions/A/Frameworks/vecLib.framework/Versions/A/libvMisc.dylib
0x00007ff8136ac000 	/System/Library/Frameworks/Accelerate.framework/Versions/A/Frameworks/vecLib.framework/Versions/A/libvDSP.dylib
0x00007ff807f26000 	/System/Library/Frameworks/Accelerate.framework/Versions/A/Frameworks/vecLib.framework/Versions/A/libBLAS.dylib
0x00007ff814b4e000 	/System/Library/Frameworks/Accelerate.framework/Versions/A/Frameworks/vecLib.framework/Versions/A/libLAPACK.dylib
0x00007ff813c28000 	/System/Library/Frameworks/Accelerate.framework/Versions/A/Frameworks/vecLib.framework/Versions/A/libLinearAlgebra.dylib
0x00007ff814a50000 	/System/Library/Frameworks/Accelerate.framework/Versions/A/Frameworks/vecLib.framework/Versions/A/libSparseBLAS.dylib
0x00007ff814b48000 	/System/Library/Frameworks/Accelerate.framework/Versions/A/Frameworks/vecLib.framework/Versions/A/libQuadrature.dylib
0x00007ff812cc0000 	/System/Library/Frameworks/Accelerate.framework/Versions/A/Frameworks/vecLib.framework/Versions/A/libBNNS.dylib
0x00007ff808284000 	/System/Library/Frameworks/Accelerate.framework/Versions/A/Frameworks/vecLib.framework/Versions/A/libSparse.dylib
0x00007ffb25098000 	/System/Library/PrivateFrameworks/MIL.framework/Versions/A/MIL
0x00007ff810333000 	/System/Library/Frameworks/OpenDirectory.framework/Versions/A/Frameworks/CFOpenDirectory.framework/Versions/A/CFOpenDirectory
0x00007ff810327000 	/System/Library/Frameworks/OpenDirectory.framework/Versions/A/OpenDirectory
0x00007ff815ef5000 	/System/Library/PrivateFrameworks/APFS.framework/Versions/A/APFS
0x00007ff813ae0000 	/System/Library/Frameworks/SecurityFoundation.framework/Versions/A/SecurityFoundation
0x00007ff815f7a000 	/usr/lib/libutil.dylib
0x00007ffb23499000 	/System/Library/PrivateFrameworks/InstalledContentLibrary.framework/Versions/A/InstalledContentLibrary
0x00007ff80abc1000 	/System/Library/PrivateFrameworks/CoreServicesStore.framework/Versions/A/CoreServicesStore
0x00007ff810384000 	/usr/lib/libapp_launch_measurement.dylib
0x00007ffb1380c000 	/System/Library/PrivateFrameworks/AppleMobileFileIntegrity.framework/Versions/A/AppleMobileFileIntegrity
0x00007ff90df20000 	/usr/lib/libmis.dylib
0x00007ff91eab6000 	/System/Library/PrivateFrameworks/MobileSystemServices.framework/Versions/A/MobileSystemServices
0x00007ffa1c17b000 	/System/Library/PrivateFrameworks/ConfigProfileHelper.framework/Versions/A/ConfigProfileHelper
0x00007ff814a12000 	/System/Library/PrivateFrameworks/AppleSauce.framework/Versions/A/AppleSauce
0x00007ff809286000 	/System/Library/PrivateFrameworks/LanguageModeling.framework/Versions/A/LanguageModeling
0x00007ff815f7e000 	/usr/lib/libxslt.1.dylib
0x00007ff814910000 	/usr/lib/libcmph.dylib
0x00007ff81388b000 	/System/Library/PrivateFrameworks/CoreEmoji.framework/Versions/A/CoreEmoji
0x00007ff812cba000 	/System/Library/PrivateFrameworks/LinguisticData.framework/Versions/A/LinguisticData
0x00007ff80819b000 	/System/Library/PrivateFrameworks/Lexicon.framework/Versions/A/Lexicon
0x00007ff813b69000 	/System/Library/PrivateFrameworks/BackgroundTaskManagement.framework/Versions/A/BackgroundTaskManagement
0x00007ffc1f1ee000 	/usr/lib/libTLE.dylib
0x00007ff813abc000 	/System/Library/PrivateFrameworks/MobileKeyBag.framework/Versions/A/MobileKeyBag
0x00007ff812ba2000 	/System/Library/PrivateFrameworks/AggregateDictionary.framework/Versions/A/AggregateDictionary
0x00007ffb1360a000 	/System/Library/PrivateFrameworks/AppleKeyStore.framework/Versions/A/AppleKeyStore
0x00007ff816927000 	/System/Library/PrivateFrameworks/AppleJPEG.framework/Versions/A/AppleJPEG
0x00007ff816448000 	/usr/lib/libexpat.1.dylib
0x00007ff817098000 	/System/Library/Frameworks/ImageIO.framework/Versions/A/Resources/libPng.dylib
0x00007ff8170c4000 	/System/Library/Frameworks/ImageIO.framework/Versions/A/Resources/libTIFF.dylib
0x00007ff8171ba000 	/System/Library/Frameworks/ImageIO.framework/Versions/A/Resources/libGIF.dylib
0x00007ff816973000 	/System/Library/Frameworks/ImageIO.framework/Versions/A/Resources/libJP2.dylib
0x00007ff81612d000 	/usr/lib/libate.dylib
0x00007ff817159000 	/System/Library/Frameworks/ImageIO.framework/Versions/A/Resources/libJPEG.dylib
0x00007ff817150000 	/System/Library/Frameworks/ImageIO.framework/Versions/A/Resources/libRadiance.dylib
0x00007ffb1f45b000 	/System/Library/PrivateFrameworks/GPUCompiler.framework/Versions/32023/Libraries/libllvm-flatbuffers.dylib
0x00007ffa23e61000 	/System/Library/Frameworks/OpenGL.framework/Versions/A/Libraries/libCoreFSCache.dylib
0x00007ffb1c5e1000 	/System/Library/PrivateFrameworks/GPUCompiler.framework/Versions/32023/Libraries/libGPUCompilerUtils.dylib
0x00007ff817149000 	/System/Library/PrivateFrameworks/GPUWrangler.framework/Versions/A/GPUWrangler
0x00007ff81712d000 	/System/Library/PrivateFrameworks/IOPresentment.framework/Versions/A/IOPresentment
0x00007ff817153000 	/System/Library/PrivateFrameworks/DSExternalDisplay.framework/Versions/A/DSExternalDisplay
0x00007ff8171c0000 	/System/Library/PrivateFrameworks/CMCaptureCore.framework/Versions/A/CMCaptureCore
0x00007ff81662b000 	/usr/lib/libspindump.dylib
0x00007ff809b01000 	/System/Library/Frameworks/CoreAudio.framework/Versions/A/CoreAudio
0x00007ffb0c312000 	/System/Library/Frameworks/ExtensionFoundation.framework/Versions/A/ExtensionFoundation
0x00007ff81e4dc000 	/System/Library/PrivateFrameworks/CoreTime.framework/Versions/A/CoreTime
0x00007ff816614000 	/System/Library/PrivateFrameworks/AppServerSupport.framework/Versions/A/AppServerSupport
0x00007ff818bff000 	/System/Library/PrivateFrameworks/perfdata.framework/Versions/A/perfdata
0x00007ff809581000 	/System/Library/PrivateFrameworks/AudioToolboxCore.framework/Versions/A/AudioToolboxCore
0x00007ff811e35000 	/System/Library/PrivateFrameworks/caulk.framework/Versions/A/caulk
0x00007ff818496000 	/usr/lib/libAudioStatistics.dylib
0x00007ff90d2bc000 	/System/Library/PrivateFrameworks/SystemPolicy.framework/Versions/A/SystemPolicy
0x00007ff818758000 	/usr/lib/libSMC.dylib
0x00007ff8225a7000 	/System/Library/Frameworks/CoreMIDI.framework/Versions/A/CoreMIDI
0x00007ff81705f000 	/usr/lib/libAudioToolboxUtility.dylib
0x00007ff9088b0000 	/System/Library/PrivateFrameworks/OSAServicesClient.framework/Versions/A/OSAServicesClient
0x00007ff818c0d000 	/usr/lib/libperfcheck.dylib
0x00007ff81df88000 	/System/Library/PrivateFrameworks/BoardServices.framework/Versions/A/BoardServices
0x00007ff816328000 	/System/Library/PrivateFrameworks/PlugInKit.framework/Versions/A/PlugInKit
0x00007ff813ad3000 	/System/Library/PrivateFrameworks/AssertionServices.framework/Versions/A/AssertionServices
0x00007ff91a00f000 	/usr/lib/swift/libswiftMetal.dylib
0x00007ff91e5da000 	/usr/lib/swift/libswiftQuartzCore.dylib
0x00007ff9112ef000 	/usr/lib/swift/libswiftsimd.dylib
0x00007ff812714000 	/System/Library/Frameworks/CoreImage.framework/Versions/A/CoreImage
0x00007ffa0a9da000 	/System/Library/PrivateFrameworks/Symbolication.framework/Versions/A/Symbolication
0x00007ffc0a156000 	/System/Library/PrivateFrameworks/PhotosensitivityProcessing.framework/Versions/A/PhotosensitivityProcessing
0x00007ffa23e6d000 	/System/Library/Frameworks/OpenGL.framework/Versions/A/OpenGL
0x00007ffa25483000 	/System/Library/Frameworks/OpenCL.framework/Versions/A/OpenCL
0x00007ff8165bf000 	/System/Library/PrivateFrameworks/GraphVisualizer.framework/Versions/A/GraphVisualizer
0x00007ffa23ebe000 	/System/Library/Frameworks/OpenGL.framework/Versions/A/Libraries/libGLU.dylib
0x00007ffa23e80000 	/System/Library/Frameworks/OpenGL.framework/Versions/A/Libraries/libGFXShared.dylib
0x00007ffa2407c000 	/System/Library/Frameworks/OpenGL.framework/Versions/A/Libraries/libGL.dylib
0x00007ffa23e88000 	/System/Library/Frameworks/OpenGL.framework/Versions/A/Libraries/libGLImage.dylib
0x00007ffa23e7d000 	/System/Library/Frameworks/OpenGL.framework/Versions/A/Libraries/libCVMSPluginSupport.dylib
0x00007ffc1f1aa000 	/usr/lib/libRosetta.dylib
0x00007ffa23e68000 	/System/Library/Frameworks/OpenGL.framework/Versions/A/Libraries/libCoreVMClient.dylib
0x00007ffb1a944000 	/System/Library/PrivateFrameworks/FontServices.framework/Versions/A/FontServices
0x00007ff80c338000 	/System/Library/Frameworks/UniformTypeIdentifiers.framework/Versions/A/UniformTypeIdentifiers
0x00007ff8165ce000 	/System/Library/PrivateFrameworks/OTSVG.framework/Versions/A/OTSVG
0x00007ff81006a000 	/System/Library/Frameworks/ApplicationServices.framework/Versions/A/Frameworks/ATS.framework/Versions/A/Resources/libFontRegistry.dylib
0x00007ff81661f000 	/System/Library/PrivateFrameworks/FontServices.framework/libhvf.dylib
0x00007ffb1a945000 	/System/Library/PrivateFrameworks/FontServices.framework/libXTFontStaticRegistryData.dylib
0x00007ff812ae0000 	/System/Library/Frameworks/MetalPerformanceShaders.framework/Versions/A/Frameworks/MPSCore.framework/Versions/A/MPSCore
0x00007ff814336000 	/System/Library/Frameworks/MetalPerformanceShaders.framework/Versions/A/Frameworks/MPSImage.framework/Versions/A/MPSImage
0x00007ff813c3e000 	/System/Library/Frameworks/MetalPerformanceShaders.framework/Versions/A/Frameworks/MPSNeuralNetwork.framework/Versions/A/MPSNeuralNetwork
0x00007ff8141ad000 	/System/Library/Frameworks/MetalPerformanceShaders.framework/Versions/A/Frameworks/MPSMatrix.framework/Versions/A/MPSMatrix
0x00007ff813f5f000 	/System/Library/Frameworks/MetalPerformanceShaders.framework/Versions/A/Frameworks/MPSRayIntersector.framework/Versions/A/MPSRayIntersector
0x00007ff8141ec000 	/System/Library/Frameworks/MetalPerformanceShaders.framework/Versions/A/Frameworks/MPSNDArray.framework/Versions/A/MPSNDArray
0x00007ffb0db27000 	/System/Library/Frameworks/MetalPerformanceShaders.framework/Versions/A/Frameworks/MPSFunctions.framework/Versions/A/MPSFunctions
0x00007ffb0db0a000 	/System/Library/Frameworks/MetalPerformanceShaders.framework/Versions/A/Frameworks/MPSBenchmarkLoop.framework/Versions/A/MPSBenchmarkLoop
0x00007ff807dd6000 	/System/Library/PrivateFrameworks/MetalTools.framework/Versions/A/MetalTools
0x00007ff91265b000 	/System/Library/PrivateFrameworks/IOAccelMemoryInfo.framework/Versions/A/IOAccelMemoryInfo
0x00007ff91e9b6000 	/System/Library/PrivateFrameworks/kperf.framework/Versions/A/kperf
0x00007ff90df42000 	/System/Library/PrivateFrameworks/GPURawCounter.framework/Versions/A/GPURawCounter
0x00007ff81e3b1000 	/System/Library/PrivateFrameworks/CoreSymbolication.framework/Versions/A/CoreSymbolication
0x00007ff90def2000 	/System/Library/PrivateFrameworks/MallocStackLogging.framework/Versions/A/MallocStackLogging
0x00007ff8161cd000 	/System/Library/PrivateFrameworks/CrashReporterSupport.framework/Versions/A/CrashReporterSupport
0x00007ff81e372000 	/System/Library/PrivateFrameworks/DebugSymbols.framework/Versions/A/DebugSymbols
0x00007ff91d3b9000 	/System/Library/PrivateFrameworks/OSAnalytics.framework/Versions/A/OSAnalytics
0x00007ffc164fc000 	/System/Library/PrivateFrameworks/VideoToolboxParavirtualizationSupport.framework/Versions/A/VideoToolboxParavirtualizationSupport
0x00007ff8163fa000 	/System/Library/PrivateFrameworks/AppleVA.framework/Versions/A/AppleVA
0x00007ff81718a000 	/System/Library/Frameworks/ApplicationServices.framework/Versions/A/Frameworks/ATSUI.framework/Versions/A/ATSUI
0x00007ff818837000 	/usr/lib/libcups.2.dylib
0x00007ff818c1c000 	/System/Library/Frameworks/Kerberos.framework/Versions/A/Kerberos
0x00007ff818c2b000 	/System/Library/Frameworks/GSS.framework/Versions/A/GSS
0x00007ff81854f000 	/usr/lib/libresolv.9.dylib
0x00007ff816631000 	/System/Library/PrivateFrameworks/Heimdal.framework/Versions/A/Heimdal
0x00007ff8203f8000 	/System/Library/Frameworks/Kerberos.framework/Versions/A/Libraries/libHeimdalProxy.dylib
0x00007ff818c79000 	/System/Library/PrivateFrameworks/CommonAuth.framework/Versions/A/CommonAuth
0x00007ffb0b245000 	/System/Library/Frameworks/AVFAudio.framework/Versions/A/AVFAudio
0x00007ff9088f7000 	/System/Library/PrivateFrameworks/AXCoreUtilities.framework/Versions/A/AXCoreUtilities
0x00007ff8182a4000 	/System/Library/Frameworks/AudioToolbox.framework/Versions/A/AudioToolbox
0x00007ffb24836000 	/System/Library/PrivateFrameworks/IsolatedCoreAudioClient.framework/Versions/A/IsolatedCoreAudioClient
0x00007ff81841d000 	/System/Library/PrivateFrameworks/AudioSession.framework/Versions/A/AudioSession
0x00007ff819f51000 	/System/Library/Frameworks/IOBluetooth.framework/Versions/A/IOBluetooth
0x00007ff816509000 	/System/Library/PrivateFrameworks/MediaExperience.framework/Versions/A/MediaExperience
0x00007ff81826f000 	/System/Library/PrivateFrameworks/AudioSession.framework/libSessionUtility.dylib
0x00007ff8188b8000 	/System/Library/PrivateFrameworks/AudioResourceArbitration.framework/Versions/A/AudioResourceArbitration
0x00007ff81d01c000 	/System/Library/PrivateFrameworks/PowerLog.framework/Versions/A/PowerLog
0x00007ff80dfba000 	/System/Library/Frameworks/CoreData.framework/Versions/A/CoreData
0x00007ff81cf39000 	/System/Library/Frameworks/CoreBluetooth.framework/Versions/A/CoreBluetooth
0x00007ff8203f9000 	/System/Library/Frameworks/AudioUnit.framework/Versions/A/AudioUnit
0x00007ff813945000 	/System/Library/PrivateFrameworks/CoreUtils.framework/Versions/A/CoreUtils
0x00007ffb18e69000 	/System/Library/PrivateFrameworks/CoreUtilsExtras.framework/Versions/A/CoreUtilsExtras
0x00007ffb2332d000 	/System/Library/PrivateFrameworks/IO80211.framework/Versions/A/IO80211
0x00007ff82274b000 	/System/Library/Frameworks/Cocoa.framework/Versions/A/Cocoa
0x00007ff80ad2a000 	/System/Library/Frameworks/AppKit.framework/Versions/C/AppKit
0x00007ff80c15b000 	/System/Library/PrivateFrameworks/UIFoundation.framework/Versions/A/UIFoundation
0x00007ffb15c02000 	/System/Library/PrivateFrameworks/CollectionViewCore.framework/Versions/A/CollectionViewCore
0x00007ff81bf0c000 	/System/Library/PrivateFrameworks/RemoteViewServices.framework/Versions/A/RemoteViewServices
0x00007ff81239b000 	/System/Library/PrivateFrameworks/XCTTargetBootstrap.framework/Versions/A/XCTTargetBootstrap
0x00007ff817300000 	/System/Library/PrivateFrameworks/InternationalSupport.framework/Versions/A/InternationalSupport
0x00007ff817354000 	/System/Library/PrivateFrameworks/UserActivity.framework/Versions/A/UserActivity
0x00007ffc18001000 	/System/Library/PrivateFrameworks/WindowManagement.framework/Versions/A/WindowManagement
0x00007ff8123a0000 	/System/Library/PrivateFrameworks/CoreSVG.framework/Versions/A/CoreSVG
0x00007ff81648b000 	/System/Library/PrivateFrameworks/IconServices.framework/Versions/A/IconServices
0x00007ff812388000 	/System/Library/PrivateFrameworks/DFRFoundation.framework/Versions/A/DFRFoundation
0x00007ff81730f000 	/System/Library/PrivateFrameworks/DataDetectorsCore.framework/Versions/A/DataDetectorsCore
0x00007ff91138d000 	/System/Library/PrivateFrameworks/TextInput.framework/Versions/A/TextInput
0x00007ff8120ed000 	/System/Library/Frameworks/Carbon.framework/Versions/A/Frameworks/HIToolbox.framework/Versions/A/HIToolbox
0x00007ff81bf44000 	/System/Library/Frameworks/Carbon.framework/Versions/A/Frameworks/SpeechRecognition.framework/Versions/A/SpeechRecognition
0x00007ff8100b6000 	/System/Library/PrivateFrameworks/CoreUI.framework/Versions/A/CoreUI
0x00007ff826b6f000 	/System/Library/PrivateFrameworks/RenderBox.framework/Versions/A/RenderBox
0x00007ff81031c000 	/System/Library/PrivateFrameworks/PerformanceAnalysis.framework/Versions/A/PerformanceAnalysis
0x00007ff81c295000 	/System/Library/Frameworks/Accessibility.framework/Versions/A/Accessibility
0x00007ffb0be11000 	/System/Library/Frameworks/CoreTransferable.framework/Versions/A/CoreTransferable
0x00007ffb0c216000 	/System/Library/Frameworks/DeveloperToolsSupport.framework/Versions/A/DeveloperToolsSupport
0x00007ffb105aa000 	/System/Library/Frameworks/Symbols.framework/Versions/A/Symbols
0x00007ff90bba4000 	/usr/lib/swift/libswiftCoreGraphics.dylib
0x00007ff90df8d000 	/usr/lib/swift/libswiftCoreImage.dylib
0x00007ffa076a1000 	/usr/lib/swift/libswiftOSLog.dylib
0x00007ff9226e8000 	/usr/lib/swift/libswiftUniformTypeIdentifiers.dylib
0x00007ff817240000 	/System/Library/PrivateFrameworks/TextureIO.framework/Versions/A/TextureIO
0x00007ff81deca000 	/System/Library/PrivateFrameworks/FrontBoardServices.framework/Versions/A/FrontBoardServices
0x00007ff81f9dd000 	/System/Library/PrivateFrameworks/BackBoardServices.framework/Versions/A/BackBoardServices
0x00007ff81646d000 	/System/Library/PrivateFrameworks/IconFoundation.framework/Versions/A/IconFoundation
0x00007ff81bf34000 	/System/Library/PrivateFrameworks/SpeechRecognitionCore.framework/Versions/A/SpeechRecognitionCore
0x00007ff908910000 	/usr/lib/libAccessibility.dylib
0x00007ff81c62a000 	/System/Library/Frameworks/MediaAccessibility.framework/Versions/A/MediaAccessibility
0x00007ffa0e362000 	/System/Library/Frameworks/OSLog.framework/Versions/A/OSLog
0x00007ff90de7d000 	/System/Library/PrivateFrameworks/LoggingSupport.framework/Versions/A/LoggingSupport
0x000000010a612000 	/usr/local/Cellar/openjdk/26.0.2/libexec/openjdk.jdk/Contents/Home/lib/server/libjvm.dylib
0x0000000108eed000 	/usr/local/Cellar/openjdk/26.0.2/libexec/openjdk.jdk/Contents/Home/lib/libjimage.dylib
0x0000000108f22000 	/usr/local/Cellar/openjdk/26.0.2/libexec/openjdk.jdk/Contents/Home/lib/libjava.dylib
0x0000000108ff0000 	/usr/local/Cellar/openjdk/26.0.2/libexec/openjdk.jdk/Contents/Home/lib/libnio.dylib
0x0000000109008000 	/usr/local/Cellar/openjdk/26.0.2/libexec/openjdk.jdk/Contents/Home/lib/libnet.dylib
0x0000000108f0e000 	/usr/local/Cellar/openjdk/26.0.2/libexec/openjdk.jdk/Contents/Home/lib/libzip.dylib
0x000000010901b000 	/usr/local/Cellar/openjdk/26.0.2/libexec/openjdk.jdk/Contents/Home/lib/libmanagement.dylib
0x0000000109028000 	/usr/local/Cellar/openjdk/26.0.2/libexec/openjdk.jdk/Contents/Home/lib/libmanagement_ext.dylib
0x0000000109036000 	/usr/local/Cellar/openjdk/26.0.2/libexec/openjdk.jdk/Contents/Home/lib/libextnet.dylib
0x0000000109053000 	/usr/local/Cellar/openjdk/26.0.2/libexec/openjdk.jdk/Contents/Home/lib/libverify.dylib
0x00007ff817cb1000 	/usr/lib/libusrtcp.dylib
0x00007ff80c7b1000 	/usr/lib/libboringssl.dylib

JVMTI agents: none


VM Arguments:
jvm_args: -XX:TieredStopAtLevel=1 
java_command: pt.rucodel.productionplanning.ProductionPlanningApplication
java_class_path (initial): /Users/thediogoribeiro/dev/rucoplan/target/classes:/Users/thediogoribeiro/.m2/repository/org/springframework/boot/spring-boot/3.3.5/spring-boot-3.3.5.jar:/Users/thediogoribeiro/.m2/repository/org/springframework/boot/spring-boot-autoconfigure/3.3.5/spring-boot-autoconfigure-3.3.5.jar:/Users/thediogoribeiro/.m2/repository/ch/qos/logback/logback-classic/1.5.11/logback-classic-1.5.11.jar:/Users/thediogoribeiro/.m2/repository/ch/qos/logback/logback-core/1.5.11/logback-core-1.5.11.jar:/Users/thediogoribeiro/.m2/repository/org/apache/logging/log4j/log4j-to-slf4j/2.23.1/log4j-to-slf4j-2.23.1.jar:/Users/thediogoribeiro/.m2/repository/org/apache/logging/log4j/log4j-api/2.23.1/log4j-api-2.23.1.jar:/Users/thediogoribeiro/.m2/repository/org/slf4j/jul-to-slf4j/2.0.16/jul-to-slf4j-2.0.16.jar:/Users/thediogoribeiro/.m2/repository/jakarta/annotation/jakarta.annotation-api/2.1.1/jakarta.annotation-api-2.1.1.jar:/Users/thediogoribeiro/.m2/repository/org/yaml/snakeyaml/2.2/snakeyaml-2.2.jar:/Users/thediogoribeiro/.m2/repository/com/fasterxml/jackson/core/jackson-databind/2.17.2/jackson-databind-2.17.2.jar:/Users/thediogoribeiro/.m2/repository/com/fasterxml/jackson/core/jackson-annotations/2.17.2/jackson-annotations-2.17.2.jar:/Users/thediogoribeiro/.m2/repository/com/fasterxml/jackson/datatype/jackson-datatype-jdk8/2.17.2/jackson-datatype-jdk8-2.17.2.jar:/Users/thediogoribeiro/.m2/repository/com/fasterxml/jackson/datatype/jackson-datatype-jsr310/2.17.2/jackson-datatype-jsr310-2.17.2.jar:/Users/thediogoribeiro/.m2/repository/com/fasterxml/jackson/module/jackson-module-parameter-names/2.17.2/jackson-module-parameter-names-2.17.2.jar:/Users/thediogoribeiro/.m2/repository/org/apache/tomcat/embed/tomcat-embed-core/10.1.31/tomcat-embed-core-10.1.31.jar:/Users/thediogoribeiro/.m2/repository/org/apache/tomcat/embed/tomcat-embed-websocket/10.1.31/tomcat-embed-websocket-10.1.31.jar:/Users/thediogoribeiro/.m2/repository/org/springframework/spring-web/6.1.14/spring-web-6.1.14.jar:/Users/thediogoribeiro/.m2/repository/org/springframework/spring-beans/6.1.14/spring-beans-6.1.14.jar:/Users/thediogoribeiro/.m2/repository/org/springframework/spring-webmvc/6.1.14/spring-webmvc-6.1.14.jar:/Users/thediogoribeiro/.m2/repository/org/springframework/spring-context/6.1.14/spring-context-6.1.14.jar:/Users/thediogoribeiro/.m2/repository/org/springframework/spring-expression/6.1.14/spring-expression-6.1.14.jar:/Users/thediogoribeiro/.m2/repository/org/springframework/spring-aop/6.1.14/spring-aop-6.1.14.jar:/Users/thediogoribeiro/.m2/repository/org/springframework/security/spring-security-config/6.3.4/spring-security-config-6.3.4.jar:/Users/thediogoribeiro/.m2/repository/org/springframework/security/spring-security-web/6.3.4/spring-security-web-6.3.4.jar:/Users/thediogoribeiro/.m2/repository/org/apache/tomcat/embed/tomcat-embed-el/10.1.31/tomcat-embed-el-10.1.31.jar:/Users/thediogoribeiro/.m2/repository/org/hibernate/validator/hibernate-validator/8.0.1.Final/hibernate-validator-8.0.1.Final.jar:/Users/thediogoribeiro/.m2/repository/jakarta/validation/jakarta.validation-api/3.0.2/jakarta.validation-api-3.0.2.jar:/Users/thediogoribeiro/.m2/repository/org/jboss/logging/jboss-logging/3.5.3.Final/jboss-logging-3.5.3.Final.jar:/Users/thediogoribeiro/.m2/repository/com/fasterxml/classmate/1.7.0/classmate-1.7.0.jar:/Users/thediogoribeiro/.m2/repository/org/aspectj/aspectjweaver/1.9.22.1/aspectjweaver-1.9.22.1.jar:/Users/thediogoribeiro/.m2/repository/com/zaxxer/HikariCP/5.1.0/HikariCP-5.1.0.jar:/Users/thediogoribeiro/.m2/repository/org/springframework/spring-jdbc/6.1.14/spring-jdbc-6.1.14.jar:/Users/thediogoribeiro/.m2/repository/org/hibernate/orm/hibernate-core/6.5.3.Final/hibernate-core-6.5.3.Final.jar:/Users/thediogoribeiro/.m2/repository/jakarta/persistence/jakarta.persistence-api/3.1.0/jakarta.persistence-api-3.1.0.jar:/Users/thediogoribeiro/.m2/repository/jakarta/transaction/jakarta.transaction-api/2.0.1/jakarta.transaction-api-2.0.1.jar:/Users/thediogoribeiro/.m2/repository/org/hibernate/common/hibernate-commons-annotations/6.0.6.Final/hibernate-commons-annotations-6.0.6.Final.jar:/Users/thediogoribeiro/.m2/repository/io/smallrye/jandex/3.1.2/jandex-3.1.2.jar:/Users/thediogoribeiro/.m2/repository/net/bytebuddy/byte-buddy/1.14.19/byte-buddy-1.14.19.jar:/Users/thediogoribeiro/.m2/repository/org/glassfish/jaxb/jaxb-runtime/4.0.5/jaxb-runtime-4.0.5.jar:/Users/thediogoribeiro/.m2/repository/org/glassfish/jaxb/jaxb-core/4.0.5/jaxb-core-4.0.5.jar:/Users/thediogoribeiro/.m2/repository/org/eclipse/angus/angus-activation/2.0.2/angus-activation-2.0.2.jar:/Users/thediogoribeiro/.m2/repository/org/glassfish/jaxb/txw2/4.0.5/txw2-4.0.5.jar:/Users/thediogoribeiro/.m2/repository/com/sun/istack/istack-commons-runtime/4.1.2/istack-commons-runtime-4.1.2.jar:/Users/thediogoribeiro/.m2/repository/jakarta/inject/jakarta.inject-api/2.0.1/jakarta.inject-api-2.0.1.jar:/Users/thediogoribeiro/.m2/repository/org/antlr/antlr4-runtime/4.13.0/antlr4-runtime-4.13.0.jar:/Users/thediogoribeiro/.m2/repository/org/springframework/data/spring-data-jpa/3.3.5/spring-data-jpa-3.3.5.jar:/Users/thediogoribeiro/.m2/repository/org/springframework/data/spring-data-commons/3.3.5/spring-data-commons-3.3.5.jar:/Users/thediogoribeiro/.m2/repository/org/springframework/spring-orm/6.1.14/spring-orm-6.1.14.jar:/Users/thediogoribeiro/.m2/repository/org/springframework/spring-tx/6.1.14/spring-tx-6.1.14.jar:/Users/thediogoribeiro/.m2/repository/org/slf4j/slf4j-api/2.0.16/slf4j-api-2.0.16.jar:/Users/thediogoribeiro/.m2/repository/org/springframework/spring-aspects/6.1.14/spring-aspects-6.1.14.jar:/Users/thediogoribeiro/.m2/repository/org/springframework/boot/spring-boot-actuator-autoconfigure/3.3.5/spring-boot-actuator-autoconfigure-3.3.5.jar:/Users/thediogoribeiro/.m2/repository/org/springframework/boot/spring-boot-actuator/3.3.5/spring-boot-actuator-3.3.5.jar:/Users/thediogoribeiro/.m2/repository/io/micrometer/micrometer-observation/1.13.6/micrometer-observation-1.13.6.jar:/Users/thediogoribeiro/.m2/repository/io/micrometer/micrometer-commons/1.13.6/micrometer-commons-1.13.6.jar:/Users/thediogoribeiro/.m2/repository/io/micrometer/micrometer-jakarta9/1.13.6/micrometer-jakarta9-1.13.6.jar:/Users/thediogoribeiro/.m2/repository/io/micrometer/micrometer-core/1.13.6/micrometer-core-1.13.6.jar:/Users/thediogoribeiro/.m2/repository/org/hdrhistogram/HdrHistogram/2.2.2/HdrHistogram-2.2.2.jar:/Users/thediogoribeiro/.m2/repository/org/latencyutils/LatencyUtils/2.0.3/LatencyUtils-2.0.3.jar:/Users/thediogoribeiro/.m2/repository/org/flywaydb/flyway-core/10.10.0/flyway-core-10.10.0.jar:/Users/thediogoribeiro/.m2/repository/com/fasterxml/jackson/dataformat/jackson-dataformat-toml/2.17.2/jackson-dataformat-toml-2.17.2.jar:/Users/thediogoribeiro/.m2/repository/com/fasterxml/jackson/core/jackson-core/2.17.2/jackson-core-2.17.2.jar:/Users/thediogoribeiro/.m2/repository/com/google/code/gson/gson/2.10.1/gson-2.10.1.jar:/Users/thediogoribeiro/.m2/repository/org/flywaydb/flyway-database-postgresql/10.10.0/flyway-database-postgresql-10.10.0.jar:/Users/thediogoribeiro/.m2/repository/org/postgresql/postgresql/42.7.4/postgresql-42.7.4.jar:/Users/thediogoribeiro/.m2/repository/org/checkerframework/checker-qual/3.42.0/checker-qual-3.42.0.jar:/Users/thediogoribeiro/.m2/repository/jakarta/xml/bind/jakarta.xml.bind-api/4.0.2/jakarta.xml.bind-api-4.0.2.jar:/Users/thediogoribeiro/.m2/repository/jakarta/activation/jakarta.activation-api/2.1.3/jakarta.activation-api-2.1.3.jar:/Users/thediogoribeiro/.m2/repository/org/springframework/spring-core/6.1.14/spring-core-6.1.14.jar:/Users/thediogoribeiro/.m2/repository/org/springframework/spring-jcl/6.1.14/spring-jcl-6.1.14.jar:/Users/thediogoribeiro/.m2/repository/org/springframework/security/spring-security-core/6.3.4/spring-security-core-6.3.4.jar:/Users/thediogoribeiro/.m2/repository/org/springframework/security/spring-security-crypto/6.3.4/spring-security-crypto-6.3.4.jar
Launcher Type: SUN_STANDARD

[Global flags]
     bool AOTAdapterCaching                        = false                                  {diagnostic} {ergonomic}
     bool AOTInvokeDynamicLinking                  = false                                  {diagnostic} {ergonomic}
     bool AOTRecordTraining                        = false                                  {diagnostic} {ergonomic}
     bool AOTReplayTraining                        = false                                  {diagnostic} {ergonomic}
     bool AOTStubCaching                           = false                                  {diagnostic} {ergonomic}
     intx CICompilerCount                          = 4                                         {product} {ergonomic}
     uint ConcGCThreads                            = 2                                         {product} {ergonomic}
     uint G1ConcRefinementThreads                  = 8                                         {product} {ergonomic}
     uint G1EagerReclaimRemSetThreshold            = 16                                   {experimental} {ergonomic}
   size_t G1HeapRegionSize                         = 2097152                                   {product} {ergonomic}
     uint G1RemSetArrayOfCardsEntries              = 16                                   {experimental} {ergonomic}
     uint G1RemSetHowlMaxNumBuckets                = 8                                    {experimental} {ergonomic}
     uint G1RemSetHowlNumBuckets                   = 8                                    {experimental} {ergonomic}
   size_t InitialHeapSize                          = 8388608                                   {product} {ergonomic}
     bool IntelJccErratumMitigation                = true                              {ARCH diagnostic} {ergonomic}
   size_t MarkStackSize                            = 4194304                                   {product} {ergonomic}
   size_t MarkStackSizeMax                         = 536870912                                 {product} {ergonomic}
   size_t MaxHeapSize                              = 4294967296                                {product} {ergonomic}
   size_t MaxNewSize                               = 2575302656                                {product} {ergonomic}
 uint64_t MaxRAM                                   = 17179869184                               {product} {ergonomic}
   size_t MinHeapDeltaBytes                        = 2097152                                   {product} {ergonomic}
   size_t MinHeapSize                              = 8388608                                   {product} {ergonomic}
   size_t NonNMethodCodeHeapSize                   = 4096                                   {pd product} {ergonomic}
   size_t NonProfiledCodeHeapSize                  = 0                                      {pd product} {ergonomic}
     bool ProfileInterpreter                       = false                                  {pd product} {command line}
   size_t ProfiledCodeHeapSize                     = 0                                      {pd product} {ergonomic}
   size_t SoftMaxHeapSize                          = 4294967296                             {manageable} {ergonomic}
     intx TieredStopAtLevel                        = 1                                         {product} {command line}
     bool UseCompressedOops                        = true                           {product lp64_product} {ergonomic}
     bool UseCondCardMark                          = true                                      {product} {ergonomic}
     bool UseFastUnorderedTimeStamps               = true                                 {experimental} {ergonomic}
     bool UseG1GC                                  = true                                      {product} {ergonomic}
     bool UseNUMA                                  = false                                     {product} {ergonomic}
     bool UseNUMAInterleaving                      = false                                     {product} {ergonomic}
      int X86ICacheSync                            = 2                                 {ARCH diagnostic} {ergonomic}

Logging:
Log output configuration:
 #0: stdout all=warning uptime,level,tags foldmultilines=false
 #1: stderr all=off uptime,level,tags foldmultilines=false

Release file:
IMPLEMENTOR="Homebrew"
IMPLEMENTOR_VERSION="Homebrew"
JAVA_RUNTIME_VERSION="26.0.2"
JAVA_VERSION="26.0.2"
JAVA_VERSION_DATE="2026-07-21"
LIBC="default"
MODULES="java.base java.compiler java.datatransfer java.xml java.prefs java.desktop java.instrument java.logging java.management java.security.sasl java.naming java.rmi java.management.rmi java.net.http java.scripting java.security.jgss java.transaction.xa java.sql java.sql.rowset java.xml.crypto java.se java.smartcardio jdk.accessibility jdk.internal.jvmstat jdk.attach jdk.charsets jdk.internal.opt jdk.zipfs jdk.compiler jdk.crypto.cryptoki jdk.crypto.ec jdk.dynalink jdk.internal.ed jdk.editpad jdk.internal.vm.ci jdk.graal.compiler jdk.graal.compiler.management jdk.hotspot.agent jdk.httpserver jdk.incubator.vector jdk.internal.le jdk.internal.md jdk.jartool jdk.javadoc jdk.jcmd jdk.management jdk.management.agent jdk.jconsole jdk.jdeps jdk.jdwp.agent jdk.jdi jdk.jfr jdk.jlink jdk.jpackage jdk.jshell jdk.jstatd jdk.localedata jdk.management.jfr jdk.naming.dns jdk.naming.rmi jdk.net jdk.nio.mapmode jdk.sctp jdk.security.auth jdk.security.jgss jdk.unsupported jdk.unsupported.desktop jdk.xml.dom"
OS_ARCH="x86_64"
OS_NAME="Darwin"
SOURCE=""

Environment Variables:
JAVA_HOME=/usr/local/opt/openjdk/libexec/openjdk.jdk/Contents/Home
PATH=/usr/local/opt/libpq/bin:/Users/thediogoribeiro/.nvm/versions/node/v24.13.0/bin:/Users/thediogoribeiro/.local/bin:/Users/thediogoribeiro/.local/bin:/usr/local/Cellar/pyenv-virtualenv/1.2.6/shims:/Users/thediogoribeiro/.pyenv/shims:/usr/local/bin:/System/Cryptexes/App/usr/bin:/usr/bin:/bin:/usr/sbin:/sbin:/var/run/com.apple.security.cryptexd/codex.system/bootstrap/usr/local/bin:/var/run/com.apple.security.cryptexd/codex.system/bootstrap/usr/bin:/var/run/com.apple.security.cryptexd/codex.system/bootstrap/usr/appleinternal/bin:/Applications/Warp.app/Contents/Resources/bin
SHELL=/bin/zsh
LC_CTYPE=UTF-8
TERM=xterm-256color
TMPDIR=/var/folders/cb/h5frbvj53hd465l1tdg3jwwc0000gn/T/

Active Locale:
LC_ALL=C/UTF-8/C/C/C/C
LC_COLLATE=C
LC_CTYPE=UTF-8
LC_MESSAGES=C
LC_MONETARY=C
LC_NUMERIC=C
LC_TIME=C

Signal Handlers:
   SIGSEGV: crash_handler in libjvm.dylib, mask=11100110000111110111111111111111, flags=SA_ONSTACK|SA_RESTART|SA_SIGINFO, unblocked
    SIGBUS: crash_handler in libjvm.dylib, mask=11100110000111110111111111111111, flags=SA_RESTART|SA_SIGINFO, unblocked
    SIGFPE: crash_handler in libjvm.dylib, mask=11100110000111110111111111111111, flags=SA_RESTART|SA_SIGINFO, unblocked
   SIGPIPE: javaSignalHandler in libjvm.dylib, mask=11100110000111110111111111111111, flags=SA_RESTART|SA_SIGINFO, blocked
   SIGXFSZ: javaSignalHandler in libjvm.dylib, mask=11100110000111110111111111111111, flags=SA_RESTART|SA_SIGINFO, blocked
    SIGILL: crash_handler in libjvm.dylib, mask=11100110000111110111111111111111, flags=SA_RESTART|SA_SIGINFO, unblocked
   SIGUSR2: SR_handler in libjvm.dylib, mask=00000000000000000000000000000000, flags=SA_RESTART|SA_SIGINFO, blocked
    SIGHUP: UserHandler in libjvm.dylib, mask=11100110000111110111111111111111, flags=SA_RESTART|SA_SIGINFO, blocked
    SIGINT: UserHandler in libjvm.dylib, mask=11100110000111110111111111111111, flags=SA_RESTART|SA_SIGINFO, blocked
   SIGTERM: UserHandler in libjvm.dylib, mask=11100110000111110111111111111111, flags=SA_RESTART|SA_SIGINFO, blocked
   SIGQUIT: UserHandler in libjvm.dylib, mask=11100110000111110111111111111111, flags=SA_RESTART|SA_SIGINFO, blocked
   SIGTRAP: crash_handler in libjvm.dylib, mask=11100110000111110111111111111111, flags=SA_RESTART|SA_SIGINFO, unblocked


Compilation memory statistics disabled.

Periodic native trim disabled

---------------  S Y S T E M  ---------------

OS:
uname: Darwin 23.6.0 Darwin Kernel Version 23.6.0: Tue Apr 21 20:19:36 PDT 2026; root:xnu-10063.141.1.712.16~1/RELEASE_X86_64 x86_64
OS uptime: 0 days 3:36 hours
rlimit (soft/hard): STACK 8192k/65532k , CORE 0k/infinity , NPROC 2784/4176 , NOFILE 1048576/infinity , AS infinity/infinity , CPU infinity/infinity , DATA infinity/infinity , FSIZE infinity/infinity , MEMLOCK infinity/infinity , RSS infinity/infinity
load average: 1.63 1.92 2.04

CPU: total 8 (initial active 8) (4 cores per cpu, 2 threads per core) family 6 model 142 stepping 10 microcode 0xf6, cx8, cmov, fxsr, ht, mmx, 3dnowpref, sse, sse2, sse3, ssse3, sse4.1, sse4.2, popcnt, lzcnt, tsc, tscinvbit, avx, avx2, aes, erms, clmul, bmi1, bmi2, adx, fma, vzeroupper, clflush, clflushopt, rdtscp, f16c
machdep.cpu.brand_string:Intel(R) Core(TM) i5-8257U CPU @ 1.40GHz
hw.cpufrequency:1400000000
hw.cpufrequency_min:1400000000
hw.cpufrequency_max:1400000000
hw.cachelinesize:64
hw.l1icachesize:32768
hw.l1dcachesize:32768
hw.l2cachesize:262144
hw.l3cachesize:6291456

Memory: 4k page, physical 16777216k(6356120k free), swap 2097152k(1018368k free)

vm_info: OpenJDK 64-Bit Server VM (26.0.2) for bsd-amd64 JRE (26.0.2), built on 2026-06-17T07:37:29Z with clang Apple LLVM 16.0.0 (clang-1600.0.26.6)

END.
